unix,date,symbol,open,high,low,close,Volume AAVE,Volume USD
1649980800,2022-04-15 00:00:00,AAVE/USD,173.36,174.49,173.36,174.49,0.11652054,20.331669024600004
1649977200,2022-04-14 23:00:00,AAVE/USD,172.55,172.55,172.55,172.55,7.22190220,1246.13922461
1649973600,2022-04-14 22:00:00,AAVE/USD,173.50,173.50,173.50,173.50,0.12000000,20.82
1649970000,2022-04-14 21:00:00,AAVE/USD,172.14,173.01,172.14,173.01,5.05866976,875.2004551775999
1649966400,2022-04-14 20:00:00,AAVE/USD,167.79,169.82,167.22,169.82,102.89182398,17473.0895482836
1649962800,2022-04-14 19:00:00,AAVE/USD,169.75,169.75,169.75,169.75,0.00000000,0.0
1649959200,2022-04-14 18:00:00,AAVE/USD,169.75,169.75,169.75,169.75,0.00000000,0.0
1649955600,2022-04-14 17:00:00,AAVE/USD,168.43,169.75,168.43,169.75,1.38672511,235.3965874225
1649952000,2022-04-14 16:00:00,AAVE/USD,171.20,171.55,167.23,167.23,122.55332328,20494.5922521144
1649948400,2022-04-14 15:00:00,AAVE/USD,170.45,170.45,170.45,170.45,0.93680834,159.678981553
1649944800,2022-04-14 14:00:00,AAVE/USD,171.77,174.62,171.70,174.07,23.56736353,4102.3709696671
1649941200,2022-04-14 13:00:00,AAVE/USD,176.04,177.87,171.76,173.26,123.94422108,21474.5757443208
1649937600,2022-04-14 12:00:00,AAVE/USD,173.32,175.30,173.32,175.30,10.11242503,1772.7081077590003
1649934000,2022-04-14 11:00:00,AAVE/USD,174.17,174.17,174.14,174.15,1.14900000,200.09835
1649930400,2022-04-14 10:00:00,AAVE/USD,174.41,174.41,173.55,174.17,17.68418892,3080.0551841963998
1649926800,2022-04-14 09:00:00,AAVE/USD,175.20,175.20,175.20,175.20,7.32598421,1283.5124335919998
1649923200,2022-04-14 08:00:00,AAVE/USD,175.41,175.41,175.41,175.41,0.05763702,10.110109678199999
1649919600,2022-04-14 07:00:00,AAVE/USD,175.38,177.14,174.93,176.75,73.14925022,12929.129976385
1649916000,2022-04-14 06:00:00,AAVE/USD,178.04,178.04,175.93,175.94,0.50264542,88.43543519480001
1649912400,2022-04-14 05:00:00,AAVE/USD,177.72,177.72,177.17,177.55,8.23798229,1462.6537555895
1649908800,2022-04-14 04:00:00,AAVE/USD,179.01,179.01,179.01,179.01,0.00000000,0.0
1649905200,2022-04-14 03:00:00,AAVE/USD,179.01,179.01,179.01,179.01,0.00000000,0.0
1649901600,2022-04-14 02:00:00,AAVE/USD,180.36,180.36,178.96,179.01,46.15811992,8262.7650468792
1649898000,2022-04-14 01:00:00,AAVE/USD,177.96,180.00,177.96,180.00,28.60826270,5149.4872860000005
1649894400,2022-04-14 00:00:00,AAVE/USD,177.74,178.82,177.74,178.82,10.45407191,1869.3971389462
1649890800,2022-04-13 23:00:00,AAVE/USD,177.32,179.56,176.31,179.56,160.01832102,28732.8897223512
1649887200,2022-04-13 22:00:00,AAVE/USD,176.03,177.12,175.97,176.73,106.25033949,18777.6224980677
1649883600,2022-04-13 21:00:00,AAVE/USD,175.62,175.62,175.62,175.62,0.00000000,0.0
1649880000,2022-04-13 20:00:00,AAVE/USD,174.89,175.62,174.89,175.62,0.11526112,20.2421578944
1649876400,2022-04-13 19:00:00,AAVE/USD,176.84,176.84,174.43,174.43,3.44545312,600.9903877216
1649872800,2022-04-13 18:00:00,AAVE/USD,175.37,178.66,175.37,178.66,18.03763015,3222.6030025989994
1649869200,2022-04-13 17:00:00,AAVE/USD,172.92,175.24,172.92,174.74,68.69304851,12003.4232966374
1649865600,2022-04-13 16:00:00,AAVE/USD,173.71,173.71,173.71,173.71,0.05814288,10.0999996848
1649862000,2022-04-13 15:00:00,AAVE/USD,171.47,174.53,171.42,172.50,193.15707861,33319.596060225005
1649858400,2022-04-13 14:00:00,AAVE/USD,170.15,172.50,169.31,171.20,167.62660217,28697.674291504
1649854800,2022-04-13 13:00:00,AAVE/USD,163.60,169.98,163.60,169.98,18.69069786,3177.0448222428
1649851200,2022-04-13 12:00:00,AAVE/USD,163.39,164.35,163.17,163.17,1.35026983,220.32352816109997
1649847600,2022-04-13 11:00:00,AAVE/USD,165.73,166.22,165.73,166.22,111.80016702,18583.4237620644
1649844000,2022-04-13 10:00:00,AAVE/USD,166.22,166.22,164.78,164.78,33.94300706,5593.1287033468
1649840400,2022-04-13 09:00:00,AAVE/USD,166.89,166.89,166.89,166.89,7.44357115,1242.2575892235
1649836800,2022-04-13 08:00:00,AAVE/USD,168.87,168.87,166.47,167.18,273.91887521,45793.7575576078
1649833200,2022-04-13 07:00:00,AAVE/USD,168.00,169.05,168.00,168.12,27.13257155,4561.527928986
1649829600,2022-04-13 06:00:00,AAVE/USD,169.66,169.66,169.66,169.66,7.64711710,1297.4098871859999
1649826000,2022-04-13 05:00:00,AAVE/USD,168.58,169.78,168.58,169.28,41.13724344,6963.7125695232
1649822400,2022-04-13 04:00:00,AAVE/USD,169.03,169.16,168.75,169.16,6.61910638,1119.6880352408
1649818800,2022-04-13 03:00:00,AAVE/USD,167.11,168.34,167.11,168.34,55.56337105,9353.537882557
1649815200,2022-04-13 02:00:00,AAVE/USD,166.24,167.59,166.24,166.98,241.97334511,40404.709166467794
1649811600,2022-04-13 01:00:00,AAVE/USD,165.83,166.06,165.83,166.05,13.10638734,2176.315617807
1649808000,2022-04-13 00:00:00,AAVE/USD,165.00,167.89,165.00,167.89,68.65279298,11526.1174134122
1649804400,2022-04-12 23:00:00,AAVE/USD,163.87,165.00,163.87,165.00,91.38135228,15077.9231262
1649800800,2022-04-12 22:00:00,AAVE/USD,161.68,163.23,161.35,163.23,33.20219247,5419.5938768781
1649797200,2022-04-12 21:00:00,AAVE/USD,161.84,163.73,161.84,163.39,8.31128278,1357.9804934242
1649793600,2022-04-12 20:00:00,AAVE/USD,161.49,161.54,160.54,161.03,32.90696056,5299.0078589768
1649790000,2022-04-12 19:00:00,AAVE/USD,160.18,161.20,159.99,161.20,82.28472142,13264.297092903998
1649786400,2022-04-12 18:00:00,AAVE/USD,164.00,164.55,161.32,161.82,105.60984213,17089.7846534766
1649782800,2022-04-12 17:00:00,AAVE/USD,166.06,167.48,165.56,165.56,64.46351222,10672.5790831432
1649779200,2022-04-12 16:00:00,AAVE/USD,166.58,168.31,165.97,165.97,92.20544613,15303.3378941961
1649775600,2022-04-12 15:00:00,AAVE/USD,166.00,168.02,166.00,167.64,80.11163510,13429.914508164
1649772000,2022-04-12 14:00:00,AAVE/USD,169.74,170.29,164.42,166.01,199.81811055,33171.8045324055
1649768400,2022-04-12 13:00:00,AAVE/USD,170.59,171.04,168.92,170.31,147.76082161,25165.145528399098
1649764800,2022-04-12 12:00:00,AAVE/USD,169.35,169.93,168.78,169.57,80.89762386,13717.8100779402
1649761200,2022-04-12 11:00:00,AAVE/USD,170.63,171.07,169.80,169.80,66.53723181,11298.021961338
1649757600,2022-04-12 10:00:00,AAVE/USD,169.12,170.73,167.42,169.78,139.19908943,23633.2214034254
1649754000,2022-04-12 09:00:00,AAVE/USD,167.44,168.90,167.44,168.90,37.22362846,6287.070846894
1649750400,2022-04-12 08:00:00,AAVE/USD,169.63,169.80,167.71,167.71,106.24201353,17817.848089116298
1649746800,2022-04-12 07:00:00,AAVE/USD,165.90,169.50,165.90,169.50,9.41924521,1596.562063095
1649743200,2022-04-12 06:00:00,AAVE/USD,166.34,167.50,165.23,165.64,42.37095633,7018.325206501199
1649739600,2022-04-12 05:00:00,AAVE/USD,161.53,165.58,161.53,165.58,16.62656578,2753.0267618524003
1649736000,2022-04-12 04:00:00,AAVE/USD,159.39,162.02,158.85,161.53,30.22237971,4881.820994556299
1649732400,2022-04-12 03:00:00,AAVE/USD,157.91,158.67,157.91,158.67,8.45714196,1341.8947147932
1649728800,2022-04-12 02:00:00,AAVE/USD,158.64,158.64,157.14,157.67,17.25818009,2721.0972547902998
1649725200,2022-04-12 01:00:00,AAVE/USD,159.23,159.28,159.17,159.28,9.85147671,1569.1432103688
1649721600,2022-04-12 00:00:00,AAVE/USD,157.76,159.28,157.76,159.14,73.35166606,11673.184136788399
1649718000,2022-04-11 23:00:00,AAVE/USD,160.55,160.55,157.50,157.68,112.10508898,17676.730430366402
1649714400,2022-04-11 22:00:00,AAVE/USD,156.71,160.42,155.77,159.11,24.78705719,3943.8686695009
1649710800,2022-04-11 21:00:00,AAVE/USD,160.70,160.84,157.81,157.83,310.39412653,48989.5049902299
1649707200,2022-04-11 20:00:00,AAVE/USD,162.31,162.34,160.04,162.34,272.04919084,44164.4656409656
1649703600,2022-04-11 19:00:00,AAVE/USD,161.18,161.60,159.96,161.60,32.11119954,5189.169845664
1649700000,2022-04-11 18:00:00,AAVE/USD,162.82,163.18,162.82,163.18,7.85174373,1281.2475418614001
1649696400,2022-04-11 17:00:00,AAVE/USD,161.16,162.86,161.09,162.75,105.13080619,17110.0387074225
1649692800,2022-04-11 16:00:00,AAVE/USD,162.15,162.52,160.16,162.52,260.31045196,42305.654652539204
1649689200,2022-04-11 15:00:00,AAVE/USD,162.39,162.50,161.74,161.82,18.77078126,3037.4878234932
1649685600,2022-04-11 14:00:00,AAVE/USD,161.64,162.59,161.61,161.61,49.76241862,8042.1044731782
1649682000,2022-04-11 13:00:00,AAVE/USD,163.44,163.44,160.97,163.30,219.18725018,35793.277954394005
1649678400,2022-04-11 12:00:00,AAVE/USD,162.69,164.40,162.69,163.44,57.03259597,9321.4074853368
1649674800,2022-04-11 11:00:00,AAVE/USD,164.78,164.78,161.96,163.61,154.93724936,25349.283367789605
1649671200,2022-04-11 10:00:00,AAVE/USD,164.11,165.89,163.61,164.86,201.54543470,33226.780364642
1649667600,2022-04-11 09:00:00,AAVE/USD,170.30,170.30,164.40,164.40,443.92571114,72981.386911416
1649664000,2022-04-11 08:00:00,AAVE/USD,170.85,170.85,170.55,170.55,2.82301319,481.46489955450005
1649660400,2022-04-11 07:00:00,AAVE/USD,171.67,172.90,171.67,172.90,22.61950324,3910.912110196
1649656800,2022-04-11 06:00:00,AAVE/USD,172.06,172.06,171.79,171.79,15.22311721,2615.1793055058997
1649653200,2022-04-11 05:00:00,AAVE/USD,173.07,174.24,172.80,173.38,112.24246671,19460.5988781798
1649649600,2022-04-11 04:00:00,AAVE/USD,173.40,173.95,173.18,173.95,29.85010119,5192.4251020004995
1649646000,2022-04-11 03:00:00,AAVE/USD,171.20,173.44,171.20,173.44,20.29315302,3519.6444597888
1649642400,2022-04-11 02:00:00,AAVE/USD,173.84,173.84,172.47,172.53,2.69964634,465.76998304020003
1649638800,2022-04-11 01:00:00,AAVE/USD,175.93,177.79,175.93,176.43,12.46178639,2198.6329727877
1649635200,2022-04-11 00:00:00,AAVE/USD,176.53,176.64,174.53,175.45,183.01337510,32109.696661294995
1649631600,2022-04-10 23:00:00,AAVE/USD,179.11,179.11,175.01,176.46,45.97304956,8112.4043253576
1649628000,2022-04-10 22:00:00,AAVE/USD,180.48,180.81,180.05,180.81,332.68298067,60152.4097349427
1649624400,2022-04-10 21:00:00,AAVE/USD,187.77,188.46,187.77,188.46,7.45957372,1405.8312632712
1649620800,2022-04-10 20:00:00,AAVE/USD,187.82,188.29,187.18,188.29,43.55737311,8201.4177828819
1649617200,2022-04-10 19:00:00,AAVE/USD,187.35,187.35,187.35,187.35,0.00000000,0.0
1649613600,2022-04-10 18:00:00,AAVE/USD,185.52,187.35,185.52,187.35,282.12812046,52856.703368181
1649610000,2022-04-10 17:00:00,AAVE/USD,183.03,183.44,183.03,183.44,20.77055638,3810.1508623471996
1649606400,2022-04-10 16:00:00,AAVE/USD,181.20,181.83,181.20,181.83,26.27306010,4777.230517983
1649602800,2022-04-10 15:00:00,AAVE/USD,180.63,180.71,180.63,180.71,9.84371578,1778.8578786038001
1649599200,2022-04-10 14:00:00,AAVE/USD,178.88,179.97,178.88,179.97,32.48021193,5845.4637410421
1649595600,2022-04-10 13:00:00,AAVE/USD,178.08,178.08,178.08,178.08,0.00000000,0.0
1649592000,2022-04-10 12:00:00,AAVE/USD,179.27,179.49,178.08,178.08,130.41558418,23224.407230774403
1649588400,2022-04-10 11:00:00,AAVE/USD,178.34,178.34,178.34,178.34,0.00000000,0.0
1649584800,2022-04-10 10:00:00,AAVE/USD,178.34,178.34,178.34,178.34,21.30883000,3800.2167422
1649581200,2022-04-10 09:00:00,AAVE/USD,179.25,179.25,179.25,179.25,7.88980836,1414.24814853
1649577600,2022-04-10 08:00:00,AAVE/USD,179.74,180.15,179.74,180.15,14.11145689,2542.1789587335
1649574000,2022-04-10 07:00:00,AAVE/USD,180.18,180.18,180.18,180.18,4.86341240,876.289646232
1649570400,2022-04-10 06:00:00,AAVE/USD,180.07,180.75,180.07,180.75,23.20314291,4193.9680809825
1649566800,2022-04-10 05:00:00,AAVE/USD,180.86,181.04,180.23,180.23,315.64145840,56888.060047431994
1649563200,2022-04-10 04:00:00,AAVE/USD,181.99,181.99,179.93,180.84,20.75639021,3753.5856055763998
1649559600,2022-04-10 03:00:00,AAVE/USD,183.72,185.51,183.72,183.97,69.99923475,12877.7592169575
1649556000,2022-04-10 02:00:00,AAVE/USD,183.20,183.20,183.20,183.20,0.00000000,0.0
1649552400,2022-04-10 01:00:00,AAVE/USD,182.87,183.26,182.87,183.20,0.38171370,69.92994983999999
1649548800,2022-04-10 00:00:00,AAVE/USD,184.82,184.82,182.08,182.08,82.59534505,15038.960426704001
1649545200,2022-04-09 23:00:00,AAVE/USD,184.16,184.60,184.16,184.60,13.30041804,2455.257170184
1649541600,2022-04-09 22:00:00,AAVE/USD,183.59,183.59,183.59,183.59,0.00000000,0.0
1649538000,2022-04-09 21:00:00,AAVE/USD,182.04,183.59,181.95,183.59,50.40918697,9254.6226358223
1649534400,2022-04-09 20:00:00,AAVE/USD,183.31,183.31,182.00,182.00,27.11945181,4935.74022942
1649530800,2022-04-09 19:00:00,AAVE/USD,183.68,183.81,183.68,183.74,51.50544758,9463.6109383492
1649527200,2022-04-09 18:00:00,AAVE/USD,183.29,183.91,183.29,183.91,8.34033623,1533.8712360593
1649523600,2022-04-09 17:00:00,AAVE/USD,179.21,180.99,179.21,180.99,66.52104358,12039.6436775442
1649520000,2022-04-09 16:00:00,AAVE/USD,177.57,180.13,177.57,180.13,2.26538408,408.0636343304
1649516400,2022-04-09 15:00:00,AAVE/USD,180.80,180.80,178.26,178.26,14.16038278,2524.2298343628
1649512800,2022-04-09 14:00:00,AAVE/USD,179.64,179.64,179.64,179.64,0.30287626,54.4086913464
1649509200,2022-04-09 13:00:00,AAVE/USD,181.31,182.56,181.31,182.56,8.05024920,1469.653493952
1649505600,2022-04-09 12:00:00,AAVE/USD,179.17,179.17,179.05,179.05,57.95355773,10376.5845115565
1649502000,2022-04-09 11:00:00,AAVE/USD,179.58,179.83,179.58,179.83,9.50232452,1708.8030184316
1649498400,2022-04-09 10:00:00,AAVE/USD,179.55,179.55,179.19,179.19,36.01620286,6453.7433904834
1649494800,2022-04-09 09:00:00,AAVE/USD,181.66,181.94,181.15,181.46,51.47459925,9340.580779905
1649491200,2022-04-09 08:00:00,AAVE/USD,181.41,182.13,181.07,182.13,244.20966501,44477.9062882713
1649487600,2022-04-09 07:00:00,AAVE/USD,180.64,181.60,180.52,180.52,64.02507856,11557.8071816512
1649484000,2022-04-09 06:00:00,AAVE/USD,183.52,183.52,179.04,180.79,295.77619300,53473.37793246999
1649480400,2022-04-09 05:00:00,AAVE/USD,182.22,183.85,182.14,183.85,18.94212149,3482.5090359365004
1649476800,2022-04-09 04:00:00,AAVE/USD,182.17,182.78,181.82,182.78,29.64053909,5417.6977348702
1649473200,2022-04-09 03:00:00,AAVE/USD,180.63,182.60,180.63,182.60,101.68622921,18567.905453746
1649469600,2022-04-09 02:00:00,AAVE/USD,183.85,183.85,183.85,183.85,0.00000000,0.0
1649466000,2022-04-09 01:00:00,AAVE/USD,183.85,183.85,183.85,183.85,7.31228224,1344.3630898239999
1649462400,2022-04-09 00:00:00,AAVE/USD,184.52,184.52,184.52,184.52,7.48794294,1381.6752312888
1649458800,2022-04-08 23:00:00,AAVE/USD,183.43,183.43,182.91,183.27,8.64585468,1584.5257872036
1649455200,2022-04-08 22:00:00,AAVE/USD,184.67,185.50,184.32,184.32,27.21307158,5015.9133536256
1649451600,2022-04-08 21:00:00,AAVE/USD,189.95,189.95,185.67,185.67,58.90776593,10937.404900223099
1649448000,2022-04-08 20:00:00,AAVE/USD,188.67,190.06,188.67,189.50,53.64658535,10166.027923825
1649444400,2022-04-08 19:00:00,AAVE/USD,192.56,192.59,192.50,192.59,0.80286304,154.6233928736
1649440800,2022-04-08 18:00:00,AAVE/USD,191.48,192.51,189.25,192.51,175.67212485,33818.64075487349
1649437200,2022-04-08 17:00:00,AAVE/USD,192.78,192.78,190.80,190.80,34.11641934,6509.412810072001
1649433600,2022-04-08 16:00:00,AAVE/USD,195.86,196.66,195.52,196.66,54.00198253,10620.0298843498
1649430000,2022-04-08 15:00:00,AAVE/USD,196.67,197.47,196.47,196.81,17.04582173,3354.7881746813
1649426400,2022-04-08 14:00:00,AAVE/USD,190.67,196.42,190.67,196.42,13.02225082,2557.8305060643997
1649422800,2022-04-08 13:00:00,AAVE/USD,190.00,190.58,188.00,190.56,16.07451407,3063.1594011792
1649419200,2022-04-08 12:00:00,AAVE/USD,193.04,193.74,192.64,192.64,21.89117268,4217.1155050751995
1649415600,2022-04-08 11:00:00,AAVE/USD,193.20,193.44,191.42,192.69,59.73315694,11509.9820107686
1649412000,2022-04-08 10:00:00,AAVE/USD,194.71,194.71,193.27,194.00,21.29579335,4131.3839099
1649408400,2022-04-08 09:00:00,AAVE/USD,196.22,196.22,194.69,195.04,415.76486942,81090.7801316768
1649404800,2022-04-08 08:00:00,AAVE/USD,198.18,198.41,197.50,198.32,21.06469338,4177.5499911216
1649401200,2022-04-08 07:00:00,AAVE/USD,197.79,198.02,197.28,197.78,0.25420999,50.2776518222
1649397600,2022-04-08 06:00:00,AAVE/USD,198.36,198.50,197.39,197.74,8.24026633,1629.4302640942003
1649394000,2022-04-08 05:00:00,AAVE/USD,200.62,200.62,200.62,200.62,0.00000000,0.0
1649390400,2022-04-08 04:00:00,AAVE/USD,200.62,200.62,200.62,200.62,0.00000000,0.0
1649386800,2022-04-08 03:00:00,AAVE/USD,200.21,200.62,200.21,200.62,0.16014470,32.128229714
1649383200,2022-04-08 02:00:00,AAVE/USD,199.38,201.15,199.38,200.71,33.23424736,6670.4457876256
1649379600,2022-04-08 01:00:00,AAVE/USD,198.14,200.46,198.14,199.82,61.26105282,12241.183574492401
1649376000,2022-04-08 00:00:00,AAVE/USD,201.84,201.84,196.47,201.81,49.38934554,9967.2638234274
1649372400,2022-04-07 23:00:00,AAVE/USD,203.67,204.37,203.18,203.18,16.35208811,3322.4172621898
1649368800,2022-04-07 22:00:00,AAVE/USD,201.33,203.78,201.00,202.98,485.03889214,98453.19432657718
1649365200,2022-04-07 21:00:00,AAVE/USD,202.72,202.72,200.60,202.49,0.54087548,109.5218759452
1649361600,2022-04-07 20:00:00,AAVE/USD,201.82,203.94,201.82,202.88,780.47006621,158341.76703268482
1649358000,2022-04-07 19:00:00,AAVE/USD,202.67,202.67,202.67,202.67,7.79506904,1579.8266423367998
1649354400,2022-04-07 18:00:00,AAVE/USD,201.74,204.73,201.74,204.73,36.85375101,7545.0684442773
1649350800,2022-04-07 17:00:00,AAVE/USD,200.46,200.56,200.24,200.24,14.19624045,2842.655187708
1649347200,2022-04-07 16:00:00,AAVE/USD,198.39,199.00,198.39,198.98,86.34168651,17180.268781759798
1649343600,2022-04-07 15:00:00,AAVE/USD,196.43,196.43,194.27,195.28,386.79636184,75533.5935401152
1649340000,2022-04-07 14:00:00,AAVE/USD,201.27,201.27,197.62,197.62,78.04205637,15422.671179839399
1649336400,2022-04-07 13:00:00,AAVE/USD,201.83,201.83,201.64,201.64,0.50604726,102.03936950639999
1649332800,2022-04-07 12:00:00,AAVE/USD,204.91,206.70,204.91,205.57,40.82495778,8392.3865708346
1649329200,2022-04-07 11:00:00,AAVE/USD,199.61,204.14,199.61,204.14,244.73056723,49959.29799433219
1649325600,2022-04-07 10:00:00,AAVE/USD,201.01,201.03,201.01,201.03,0.31523131,63.370950249299995
1649322000,2022-04-07 09:00:00,AAVE/USD,200.93,201.14,199.50,201.14,22.94926567,4616.015296863799
1649318400,2022-04-07 08:00:00,AAVE/USD,203.23,203.23,201.26,201.26,29.54882332,5946.9961813832
1649314800,2022-04-07 07:00:00,AAVE/USD,204.80,205.50,203.87,204.06,68.48562739,13975.177125203401
1649311200,2022-04-07 06:00:00,AAVE/USD,202.47,202.47,202.36,202.36,0.15291447,30.9437721492
1649307600,2022-04-07 05:00:00,AAVE/USD,200.83,200.83,200.83,200.83,0.00000000,0.0
1649304000,2022-04-07 04:00:00,AAVE/USD,201.16,201.34,200.41,200.83,30.56004023,6137.3728793909
1649300400,2022-04-07 03:00:00,AAVE/USD,199.25,200.51,198.84,198.84,9.75422300,1939.52970132
1649296800,2022-04-07 02:00:00,AAVE/USD,204.38,204.38,200.44,200.44,7.90039374,1583.5549212456
1649293200,2022-04-07 01:00:00,AAVE/USD,194.93,203.48,194.93,203.48,102.94185457,20946.6085679036
1649289600,2022-04-07 00:00:00,AAVE/USD,191.97,193.86,191.97,192.30,42.68175197,8207.700903831
1649286000,2022-04-06 23:00:00,AAVE/USD,192.00,192.23,191.37,192.23,32.86330420,6317.312966366
1649282400,2022-04-06 22:00:00,AAVE/USD,197.70,197.71,197.70,197.71,0.19349514,38.2559241294
1649278800,2022-04-06 21:00:00,AAVE/USD,198.23,198.23,198.23,198.23,0.00000000,0.0
1649275200,2022-04-06 20:00:00,AAVE/USD,198.44,198.44,197.38,198.23,321.66576404,63763.8044056492
1649271600,2022-04-06 19:00:00,AAVE/USD,199.76,199.97,196.41,197.18,525.51256822,103620.56820161961
1649268000,2022-04-06 18:00:00,AAVE/USD,196.94,197.98,193.62,197.98,437.10227111,86537.5076343578
1649264400,2022-04-06 17:00:00,AAVE/USD,193.67,193.83,193.21,193.83,57.52684382,11150.4281376306
1649260800,2022-04-06 16:00:00,AAVE/USD,199.39,199.40,193.67,195.94,124.21838601,24339.3505547994
1649257200,2022-04-06 15:00:00,AAVE/USD,200.23,200.34,194.73,197.75,260.39222053,51492.5616098075
1649253600,2022-04-06 14:00:00,AAVE/USD,203.43,203.58,198.94,202.77,45.18113583,9161.378912249102
1649250000,2022-04-06 13:00:00,AAVE/USD,211.48,211.48,202.64,203.81,91.87595110,18725.237593691
1649246400,2022-04-06 12:00:00,AAVE/USD,210.37,210.37,210.37,210.37,3.00000000,631.11
1649242800,2022-04-06 11:00:00,AAVE/USD,210.73,210.73,207.59,210.00,26.56149079,5577.9130659
1649239200,2022-04-06 10:00:00,AAVE/USD,212.35,213.16,211.01,213.16,53.24953737,11350.6713857892
1649235600,2022-04-06 09:00:00,AAVE/USD,214.18,214.18,213.72,213.74,18.20733839,3891.6365074786004
1649232000,2022-04-06 08:00:00,AAVE/USD,214.32,214.32,214.32,214.32,4.73334845,1014.451239804
1649228400,2022-04-06 07:00:00,AAVE/USD,216.67,217.44,216.67,216.70,6.15527463,1333.848012321
1649224800,2022-04-06 06:00:00,AAVE/USD,216.23,216.23,214.16,215.86,46.67633702,10075.5541091372
1649221200,2022-04-06 05:00:00,AAVE/USD,214.85,215.99,214.85,215.57,53.57187637,11548.4893890809
1649217600,2022-04-06 04:00:00,AAVE/USD,211.27,211.27,210.72,210.72,36.20991703,7630.1537165616
1649214000,2022-04-06 03:00:00,AAVE/USD,213.21,213.21,213.21,213.21,4.11666566,877.7142853686
1649210400,2022-04-06 02:00:00,AAVE/USD,213.04,215.57,212.91,213.95,6.82747084,1460.737386218
1649206800,2022-04-06 01:00:00,AAVE/USD,212.44,213.98,212.44,213.45,15.96716605,3408.1915933724995
1649203200,2022-04-06 00:00:00,AAVE/USD,220.68,220.68,209.30,212.35,101.14783949,21478.743715701497
1649199600,2022-04-05 23:00:00,AAVE/USD,223.94,224.81,221.34,221.34,1.79587996,397.5000703464
1649196000,2022-04-05 22:00:00,AAVE/USD,223.99,225.28,223.80,224.50,9.77339719,2194.127669155
1649192400,2022-04-05 21:00:00,AAVE/USD,223.72,224.93,223.67,224.75,31.20126909,7012.4852279775005
1649188800,2022-04-05 20:00:00,AAVE/USD,225.72,225.72,225.00,225.00,115.76391304,26046.880434000002
1649185200,2022-04-05 19:00:00,AAVE/USD,224.49,224.61,222.29,224.61,15.76046079,3539.9570980419003
1649181600,2022-04-05 18:00:00,AAVE/USD,227.52,227.52,227.42,227.42,0.34800000,79.14215999999999
1649178000,2022-04-05 17:00:00,AAVE/USD,227.94,228.42,227.94,228.26,1.50834851,344.2956308926
1649174400,2022-04-05 16:00:00,AAVE/USD,226.39,229.02,226.14,227.28,2.52860160,574.700571648
1649170800,2022-04-05 15:00:00,AAVE/USD,227.70,228.30,227.07,227.20,58.40151355,13268.823878559999
1649167200,2022-04-05 14:00:00,AAVE/USD,229.96,230.26,226.76,227.45,76.34315404,17364.250386398
1649163600,2022-04-05 13:00:00,AAVE/USD,231.00,231.16,228.98,231.10,5.33831087,1233.683642057
1649160000,2022-04-05 12:00:00,AAVE/USD,233.24,234.55,232.41,232.41,33.35234220,7751.417850702001
1649156400,2022-04-05 11:00:00,AAVE/USD,230.41,230.41,230.41,230.41,0.00000000,0.0
1649152800,2022-04-05 10:00:00,AAVE/USD,230.56,230.88,230.17,230.41,105.20696590,24240.737013019
1649149200,2022-04-05 09:00:00,AAVE/USD,232.95,233.03,232.87,233.03,0.36796121,85.7460007663
1649145600,2022-04-05 08:00:00,AAVE/USD,234.57,234.57,232.96,233.36,1.75000000,408.38
1649142000,2022-04-05 07:00:00,AAVE/USD,234.26,235.22,234.26,235.22,3.05531374,718.6708979228
1649138400,2022-04-05 06:00:00,AAVE/USD,235.31,235.34,233.82,233.82,0.92700000,216.75114
1649134800,2022-04-05 05:00:00,AAVE/USD,237.80,237.80,236.41,236.41,24.10466716,5698.5843632956
1649131200,2022-04-05 04:00:00,AAVE/USD,236.23,236.25,235.96,235.96,27.72300000,6541.51908
1649127600,2022-04-05 03:00:00,AAVE/USD,236.12,236.12,236.12,236.12,0.00000000,0.0
1649124000,2022-04-05 02:00:00,AAVE/USD,236.02,236.46,236.02,236.12,9.27872396,2190.8923014352004
1649120400,2022-04-05 01:00:00,AAVE/USD,235.86,235.86,235.33,235.69,0.87428504,206.06024107759998
1649116800,2022-04-05 00:00:00,AAVE/USD,236.79,236.79,235.36,235.56,1.78000000,419.2968
1649113200,2022-04-04 23:00:00,AAVE/USD,240.13,241.23,238.47,238.47,77.44290117,18467.8086420099
1649109600,2022-04-04 22:00:00,AAVE/USD,238.88,240.13,238.66,240.13,2.15835003,518.2845927039
1649106000,2022-04-04 21:00:00,AAVE/USD,238.92,239.90,238.92,239.58,287.12188673,68788.6616227734
1649102400,2022-04-04 20:00:00,AAVE/USD,236.00,239.18,236.00,238.48,11.12359603,2652.7551812344
1649098800,2022-04-04 19:00:00,AAVE/USD,235.42,236.87,233.68,236.87,0.54445181,128.9643002347
1649095200,2022-04-04 18:00:00,AAVE/USD,228.67,234.68,227.74,234.68,18.13149855,4255.1000797140005
1649091600,2022-04-04 17:00:00,AAVE/USD,229.62,230.28,225.81,228.28,8.34751709,1905.5712013052
1649088000,2022-04-04 16:00:00,AAVE/USD,227.59,229.94,227.59,229.94,1.82448961,419.52314092340004
1649084400,2022-04-04 15:00:00,AAVE/USD,230.62,230.62,228.66,229.15,33.36440359,7645.453082648501
1649080800,2022-04-04 14:00:00,AAVE/USD,234.80,235.02,230.48,230.58,3.69452910,851.884519878
1649077200,2022-04-04 13:00:00,AAVE/USD,234.44,235.03,233.48,235.03,13.79316227,3241.8069283181
1649073600,2022-04-04 12:00:00,AAVE/USD,236.57,236.57,235.22,235.22,9.83471397,2313.3214200233997
1649070000,2022-04-04 11:00:00,AAVE/USD,237.02,237.80,237.00,237.44,2.14335654,508.91857685760004
1649066400,2022-04-04 10:00:00,AAVE/USD,235.61,237.13,235.61,237.13,5.00184858,1186.0883537754
1649062800,2022-04-04 09:00:00,AAVE/USD,239.90,240.62,238.60,238.60,40.60057306,9687.296732116
1649059200,2022-04-04 08:00:00,AAVE/USD,239.50,240.55,238.64,238.64,0.85929563,205.0623091432
1649055600,2022-04-04 07:00:00,AAVE/USD,239.66,240.33,239.66,240.33,5.20000000,1249.7160000000001
1649052000,2022-04-04 06:00:00,AAVE/USD,240.77,241.23,240.00,241.23,25.76304667,6214.8197482041005
1649048400,2022-04-04 05:00:00,AAVE/USD,239.30,241.02,239.30,240.97,3.24874169,782.8492850393001
1649044800,2022-04-04 04:00:00,AAVE/USD,238.80,239.95,238.80,239.95,0.42600771,102.22055001449999
1649041200,2022-04-04 03:00:00,AAVE/USD,241.88,241.88,241.24,241.38,4.62837984,1117.1983257791999
1649037600,2022-04-04 02:00:00,AAVE/USD,238.86,242.59,238.86,242.59,10.86427157,2635.5636401663
1649034000,2022-04-04 01:00:00,AAVE/USD,239.26,239.65,238.31,239.65,24.19164802,5797.528447993
1649030400,2022-04-04 00:00:00,AAVE/USD,241.16,241.73,237.27,237.39,42.24364712,10028.219389816799
1649026800,2022-04-03 23:00:00,AAVE/USD,244.74,244.98,242.50,243.00,32.42618665,7879.563355949999
1649023200,2022-04-03 22:00:00,AAVE/USD,246.22,248.81,245.90,245.90,75.00633440,18444.05762896
1649019600,2022-04-03 21:00:00,AAVE/USD,245.47,246.06,244.58,246.06,18.11426107,4457.1950788842005
1649016000,2022-04-03 20:00:00,AAVE/USD,245.12,245.12,243.90,243.90,8.64934323,2109.574813797
1649012400,2022-04-03 19:00:00,AAVE/USD,245.29,245.87,243.44,243.89,0.57766940,140.88778996599999
1649008800,2022-04-03 18:00:00,AAVE/USD,243.22,245.03,243.22,243.86,1.46463615,357.166171539
1649005200,2022-04-03 17:00:00,AAVE/USD,241.67,242.87,241.67,242.62,52.35037809,12701.2487321958
1649001600,2022-04-03 16:00:00,AAVE/USD,241.55,242.19,239.60,242.04,12.07062907,2921.5750601028003
1648998000,2022-04-03 15:00:00,AAVE/USD,246.65,246.65,242.35,242.35,30.29728695,7342.5474923325
1648994400,2022-04-03 14:00:00,AAVE/USD,242.75,242.76,242.75,242.76,0.42411966,102.9592886616
1648990800,2022-04-03 13:00:00,AAVE/USD,246.11,246.15,244.15,244.62,48.04099636,11751.7885295832
1648987200,2022-04-03 12:00:00,AAVE/USD,252.66,252.75,248.14,248.54,85.33851069,21210.0334468926
1648983600,2022-04-03 11:00:00,AAVE/USD,246.98,252.36,246.78,252.36,64.21128473,16204.359814462801
1648980000,2022-04-03 10:00:00,AAVE/USD,246.10,247.60,246.10,247.60,8.42166820,2085.20504632
1648976400,2022-04-03 09:00:00,AAVE/USD,244.17,244.19,244.17,244.19,9.69726474,2367.9750768606
1648972800,2022-04-03 08:00:00,AAVE/USD,241.83,241.83,241.83,241.83,7.78083223,1881.6386581809
1648969200,2022-04-03 07:00:00,AAVE/USD,244.46,245.52,244.46,245.52,102.31675615,25120.809969948
1648965600,2022-04-03 06:00:00,AAVE/USD,245.95,247.50,244.20,244.20,9.46898494,2312.326122348
1648962000,2022-04-03 05:00:00,AAVE/USD,242.11,245.60,242.11,245.60,0.37680815,92.54408164
1648958400,2022-04-03 04:00:00,AAVE/USD,238.46,241.60,238.46,241.60,3.87766118,936.842941088
1648954800,2022-04-03 03:00:00,AAVE/USD,236.82,236.82,236.82,236.82,0.00000000,0.0
1648951200,2022-04-03 02:00:00,AAVE/USD,236.52,236.82,236.52,236.82,0.27122795,64.23220311899999
1648947600,2022-04-03 01:00:00,AAVE/USD,238.64,238.64,231.90,236.22,79.72661088,18833.0200220736
1648944000,2022-04-03 00:00:00,AAVE/USD,238.62,240.24,238.01,238.31,89.17317638,21250.8596631178
1648940400,2022-04-02 23:00:00,AAVE/USD,241.48,241.48,236.29,236.81,15.46835332,3663.0607497092
1648936800,2022-04-02 22:00:00,AAVE/USD,245.39,246.60,241.48,241.48,3.32407188,802.6968775823999
1648933200,2022-04-02 21:00:00,AAVE/USD,244.50,246.98,243.00,245.11,37.78687737,9261.9415121607
1648929600,2022-04-02 20:00:00,AAVE/USD,242.00,246.60,241.00,245.00,7.56077989,1852.39107305
1648926000,2022-04-02 19:00:00,AAVE/USD,237.93,244.96,237.93,242.79,61.04496348,14821.106683309199
1648922400,2022-04-02 18:00:00,AAVE/USD,240.99,241.00,236.19,237.95,129.80452105,30886.9857838475
1648918800,2022-04-02 17:00:00,AAVE/USD,241.68,241.68,241.31,241.31,40.57053746,9790.076394472599
1648915200,2022-04-02 16:00:00,AAVE/USD,237.30,237.30,237.30,237.30,0.00000000,0.0
1648911600,2022-04-02 15:00:00,AAVE/USD,241.04,241.04,235.94,237.30,37.18447281,8823.875397813
1648908000,2022-04-02 14:00:00,AAVE/USD,245.43,245.43,244.87,244.87,2.43006551,595.0501414337
1648904400,2022-04-02 13:00:00,AAVE/USD,246.57,247.03,246.57,247.03,1.06998568,264.3185625304
1648900800,2022-04-02 12:00:00,AAVE/USD,242.80,247.16,242.80,247.16,1.68332986,416.0518081976
1648897200,2022-04-02 11:00:00,AAVE/USD,248.54,249.00,246.67,246.67,151.85477802,37458.018094193394
1648893600,2022-04-02 10:00:00,AAVE/USD,247.15,248.75,245.80,248.75,15.16495515,3772.2825935625
1648890000,2022-04-02 09:00:00,AAVE/USD,244.02,249.15,244.02,246.96,120.22031314,29689.6085330544
1648886400,2022-04-02 08:00:00,AAVE/USD,242.62,242.62,242.62,242.62,0.00000000,0.0
1648882800,2022-04-02 07:00:00,AAVE/USD,244.30,244.34,241.24,242.62,56.86520020,13796.634872523999
1648879200,2022-04-02 06:00:00,AAVE/USD,245.07,245.07,243.46,243.46,9.48276102,2308.6729979292
1648875600,2022-04-02 05:00:00,AAVE/USD,244.68,246.31,244.11,244.11,82.39517853,20113.4870309583
1648872000,2022-04-02 04:00:00,AAVE/USD,247.52,247.52,247.52,247.52,0.00000000,0.0
1648868400,2022-04-02 03:00:00,AAVE/USD,247.52,247.52,247.52,247.52,0.00000000,0.0
1648864800,2022-04-02 02:00:00,AAVE/USD,246.21,247.52,245.79,247.52,67.49170404,16705.546583980802
1648861200,2022-04-02 01:00:00,AAVE/USD,247.31,247.31,245.64,246.04,37.64406007,9261.9445396228
1648857600,2022-04-02 00:00:00,AAVE/USD,242.29,256.74,242.29,251.79,55.03454823,13857.1488988317
1648854000,2022-04-01 23:00:00,AAVE/USD,246.88,246.88,244.55,246.07,36.81554870,9059.202068609
1648850400,2022-04-01 22:00:00,AAVE/USD,250.60,250.60,246.39,247.57,19.51330042,4830.9077849794
1648846800,2022-04-01 21:00:00,AAVE/USD,252.84,254.52,249.91,250.53,86.27269134,21613.8973614102
