unix,date,symbol,open,high,low,close,Volume BCH,Volume USD
1652313600,2022-05-12 00:00:00,BCH/USD,192.55,196.79,185.14,195.89,636.35698798,124655.97037540219
1652310000,2022-05-11 23:00:00,BCH/USD,195.08,196.89,191.15,193.08,362.80925829,70051.2115906332
1652306400,2022-05-11 22:00:00,BCH/USD,194.60,196.11,188.32,195.07,1035.52108363,201999.09778370408
1652302800,2022-05-11 21:00:00,BCH/USD,185.12,194.71,183.18,194.71,745.44714580,145146.013758718
1652299200,2022-05-11 20:00:00,BCH/USD,197.75,197.76,183.05,184.50,875.26311906,161486.04546657
1652295600,2022-05-11 19:00:00,BCH/USD,200.04,201.03,194.29,195.50,501.92289063,98125.925118165
1652292000,2022-05-11 18:00:00,BCH/USD,202.52,204.16,199.74,200.02,212.10091804,42424.425626360804
1652288400,2022-05-11 17:00:00,BCH/USD,205.09,207.06,200.00,201.75,689.92772570,139192.918659975
1652284800,2022-05-11 16:00:00,BCH/USD,212.57,213.70,204.62,204.90,70.51218293,14447.946282357
1652281200,2022-05-11 15:00:00,BCH/USD,221.69,222.55,211.94,213.58,429.49529442,91731.60498222361
1652277600,2022-05-11 14:00:00,BCH/USD,221.10,224.72,217.16,224.52,55.98282311,12569.263444657201
1652274000,2022-05-11 13:00:00,BCH/USD,204.34,231.36,203.54,220.74,926.15678506,204439.84873414438
1652270400,2022-05-11 12:00:00,BCH/USD,223.73,227.94,194.02,203.47,1688.67687813,343595.0843931111
1652266800,2022-05-11 11:00:00,BCH/USD,238.41,238.41,224.55,224.60,544.04632724,122192.805098104
1652263200,2022-05-11 10:00:00,BCH/USD,242.56,242.56,238.42,239.67,500.77458721,120020.64531662069
1652259600,2022-05-11 09:00:00,BCH/USD,226.26,249.41,226.26,242.54,689.24968649,167170.6189612846
1652256000,2022-05-11 08:00:00,BCH/USD,221.48,222.15,221.07,222.15,2.87990000,639.7697850000001
1652252400,2022-05-11 07:00:00,BCH/USD,221.28,223.93,216.70,220.71,644.92606719,142341.63228950492
1652248800,2022-05-11 06:00:00,BCH/USD,228.13,228.13,219.81,219.82,921.35007707,202531.1739415274
1652245200,2022-05-11 05:00:00,BCH/USD,227.15,233.51,227.15,228.54,423.73505960,96840.41052098399
1652241600,2022-05-11 04:00:00,BCH/USD,229.91,230.42,227.00,227.69,29.15801299,6638.9879776931
1652238000,2022-05-11 03:00:00,BCH/USD,232.22,233.39,229.91,229.91,61.16349430,14062.098974513001
1652234400,2022-05-11 02:00:00,BCH/USD,228.48,232.90,226.86,232.21,209.96704522,48756.4475705362
1652230800,2022-05-11 01:00:00,BCH/USD,229.10,229.64,227.39,228.40,438.78870178,100219.339486552
1652227200,2022-05-11 00:00:00,BCH/USD,231.22,233.47,227.71,229.67,507.08761315,116462.81211216049
1652223600,2022-05-10 23:00:00,BCH/USD,227.44,232.83,226.59,231.82,399.49717612,92611.4353681384
1652220000,2022-05-10 22:00:00,BCH/USD,221.79,228.82,221.79,227.43,578.88763696,131656.4152738128
1652216400,2022-05-10 21:00:00,BCH/USD,228.18,229.58,221.44,221.44,248.03633283,54925.1655418752
1652212800,2022-05-10 20:00:00,BCH/USD,230.76,230.82,228.10,228.10,228.52406428,52126.339062268
1652209200,2022-05-10 19:00:00,BCH/USD,233.18,233.61,229.91,231.04,231.98129967,53596.9594757568
1652205600,2022-05-10 18:00:00,BCH/USD,237.21,237.21,232.84,233.14,271.50691712,63299.122657356806
1652202000,2022-05-10 17:00:00,BCH/USD,232.62,238.14,232.62,237.12,328.94272139,77998.89809599679
1652198400,2022-05-10 16:00:00,BCH/USD,233.54,234.80,230.29,232.40,484.58992980,112618.69968552
1652194800,2022-05-10 15:00:00,BCH/USD,230.87,234.76,229.00,233.66,496.21239672,115944.9886175952
1652191200,2022-05-10 14:00:00,BCH/USD,237.66,238.55,229.55,231.59,443.27544125,102658.1594390875
1652187600,2022-05-10 13:00:00,BCH/USD,242.07,242.60,236.58,238.12,202.63735337,48252.0065844644
1652184000,2022-05-10 12:00:00,BCH/USD,238.21,242.47,236.58,242.29,155.87384634,37766.6742297186
1652180400,2022-05-10 11:00:00,BCH/USD,233.51,238.57,233.32,238.03,180.82137160,43040.911081948
1652176800,2022-05-10 10:00:00,BCH/USD,235.03,235.71,234.00,234.27,107.20013227,25113.774986892902
1652173200,2022-05-10 09:00:00,BCH/USD,238.76,238.76,234.33,234.38,192.14184582,45034.205823291595
1652169600,2022-05-10 08:00:00,BCH/USD,237.07,240.30,237.07,238.82,193.32096275,46168.912323955
1652166000,2022-05-10 07:00:00,BCH/USD,241.52,241.52,237.24,237.24,100.13110356,23755.103008574402
1652162400,2022-05-10 06:00:00,BCH/USD,238.17,243.98,238.17,241.05,157.29537655,37916.0505173775
1652158800,2022-05-10 05:00:00,BCH/USD,236.53,238.99,235.15,238.85,92.90547805,22190.4734322425
1652155200,2022-05-10 04:00:00,BCH/USD,221.66,237.16,221.66,236.66,74.25986768,17574.3402851488
1652151600,2022-05-10 03:00:00,BCH/USD,223.72,224.49,221.99,222.71,563.77936605,125559.30261299551
1652148000,2022-05-10 02:00:00,BCH/USD,223.29,226.77,222.55,224.13,605.22764872,135649.6729076136
1652144400,2022-05-10 01:00:00,BCH/USD,221.62,226.44,221.62,225.79,383.58750384,86610.2224920336
1652140800,2022-05-10 00:00:00,BCH/USD,219.49,221.79,210.82,221.79,429.41542041,95240.0460927339
1652137200,2022-05-09 23:00:00,BCH/USD,227.62,227.62,215.13,215.13,80.85412941,17394.1488599733
1652133600,2022-05-09 22:00:00,BCH/USD,227.77,231.17,227.26,227.26,365.76766239,83124.3589547514
1652130000,2022-05-09 21:00:00,BCH/USD,231.68,233.61,227.90,227.90,141.92095068,32343.784659972003
1652126400,2022-05-09 20:00:00,BCH/USD,230.28,235.61,228.44,232.69,370.82561261,86287.4117982209
1652122800,2022-05-09 19:00:00,BCH/USD,227.47,231.05,224.87,230.28,220.59834059,50799.3858710652
1652119200,2022-05-09 18:00:00,BCH/USD,231.73,234.15,220.50,226.62,561.29466704,127200.5974446048
1652115600,2022-05-09 17:00:00,BCH/USD,231.22,235.05,225.85,232.30,269.95861284,62711.385762732
1652112000,2022-05-09 16:00:00,BCH/USD,240.53,240.54,228.27,230.45,304.96565818,70279.33592758099
1652108400,2022-05-09 15:00:00,BCH/USD,241.57,245.10,240.08,241.23,264.99675366,63925.166885401806
1652104800,2022-05-09 14:00:00,BCH/USD,245.98,246.03,240.00,241.43,147.40698298,35588.467900861404
1652101200,2022-05-09 13:00:00,BCH/USD,244.73,249.72,244.41,246.64,364.92474434,90005.0389440176
1652097600,2022-05-09 12:00:00,BCH/USD,248.03,248.03,244.42,244.42,110.95049429,27118.519814361796
1652094000,2022-05-09 11:00:00,BCH/USD,244.88,248.04,244.48,248.00,174.57534317,43294.68510616
1652090400,2022-05-09 10:00:00,BCH/USD,252.40,252.41,242.91,244.82,193.93964561,47480.3040382402
1652086800,2022-05-09 09:00:00,BCH/USD,255.30,255.36,253.80,253.87,27.58891668,7003.9982775516
1652083200,2022-05-09 08:00:00,BCH/USD,252.98,254.72,250.97,254.72,306.06145366,77959.97347627519
1652079600,2022-05-09 07:00:00,BCH/USD,255.98,256.00,253.63,253.64,110.55764007,28041.8398273548
1652076000,2022-05-09 06:00:00,BCH/USD,253.00,255.26,253.00,255.26,332.09949844,84771.7179717944
1652072400,2022-05-09 05:00:00,BCH/USD,258.17,258.17,254.65,254.65,53.20395527,13548.387209505501
1652068800,2022-05-09 04:00:00,BCH/USD,259.07,259.74,257.58,257.58,225.75840000,58150.84867199999
1652065200,2022-05-09 03:00:00,BCH/USD,256.24,259.41,256.22,259.17,27.55655497,7141.832351574901
1652061600,2022-05-09 02:00:00,BCH/USD,262.70,262.70,255.52,256.38,921.18454691,236173.2941367858
1652058000,2022-05-09 01:00:00,BCH/USD,265.49,265.88,263.54,263.54,73.39088765,19341.434531281
1652054400,2022-05-09 00:00:00,BCH/USD,264.57,265.63,264.56,265.29,81.56662979,21638.8112169891
1652050800,2022-05-08 23:00:00,BCH/USD,263.05,263.05,261.14,261.70,15.06509364,3942.535005588
1652047200,2022-05-08 22:00:00,BCH/USD,264.30,264.30,262.80,263.07,71.24390000,18742.132772999998
1652043600,2022-05-08 21:00:00,BCH/USD,263.76,265.21,263.76,265.18,62.96479033,16697.0030997094
1652040000,2022-05-08 20:00:00,BCH/USD,265.85,265.85,262.69,262.69,245.37347508,64457.1581687652
1652036400,2022-05-08 19:00:00,BCH/USD,265.65,266.31,265.49,265.50,114.04768208,30279.65959224
1652032800,2022-05-08 18:00:00,BCH/USD,261.98,265.28,261.72,265.28,70.77143364,18774.245916019197
1652029200,2022-05-08 17:00:00,BCH/USD,262.91,262.91,260.00,261.86,320.23169958,83855.8728520188
1652025600,2022-05-08 16:00:00,BCH/USD,262.51,264.73,262.51,264.73,78.42071844,20760.3167926212
1652022000,2022-05-08 15:00:00,BCH/USD,264.28,265.58,263.10,263.50,310.43771507,81800.337920945
1652018400,2022-05-08 14:00:00,BCH/USD,262.83,263.40,262.22,263.40,24.28782789,6397.413866225999
1652014800,2022-05-08 13:00:00,BCH/USD,265.51,265.51,262.80,262.80,52.66343631,13839.951062268
1652011200,2022-05-08 12:00:00,BCH/USD,268.50,268.50,265.82,265.82,61.14000000,16252.2348
1652007600,2022-05-08 11:00:00,BCH/USD,268.68,269.03,267.41,267.68,185.13999719,49558.2744478192
1652004000,2022-05-08 10:00:00,BCH/USD,267.14,268.14,267.14,267.89,48.96606486,13117.5191153454
1652000400,2022-05-08 09:00:00,BCH/USD,266.92,266.92,265.95,266.78,20.98318596,5597.894350408799
1651996800,2022-05-08 08:00:00,BCH/USD,267.05,267.05,266.49,266.49,25.14521165,6700.9474526085005
1651993200,2022-05-08 07:00:00,BCH/USD,268.06,268.06,266.01,266.17,148.24755496,39459.051703703204
1651989600,2022-05-08 06:00:00,BCH/USD,266.33,268.38,266.33,268.38,93.43272323,25075.4742604674
1651986000,2022-05-08 05:00:00,BCH/USD,265.19,265.96,265.18,265.36,32.47150229,8616.6378476744
1651982400,2022-05-08 04:00:00,BCH/USD,264.89,266.92,264.53,264.53,148.39102603,39253.878115715896
1651978800,2022-05-08 03:00:00,BCH/USD,264.40,265.11,263.12,264.92,185.75543574,49210.330036240804
1651975200,2022-05-08 02:00:00,BCH/USD,264.42,264.42,261.82,263.91,204.22516162,53897.0624031342
1651971600,2022-05-08 01:00:00,BCH/USD,267.16,267.16,264.43,264.62,142.98547983,37836.817672614605
1651968000,2022-05-08 00:00:00,BCH/USD,268.70,269.25,266.00,266.10,62.90727196,16739.625068556
1651964400,2022-05-07 23:00:00,BCH/USD,264.54,270.63,264.54,268.80,227.98280546,61281.778107648
1651960800,2022-05-07 22:00:00,BCH/USD,268.13,268.59,263.72,265.05,118.85635452,31502.876765526
1651957200,2022-05-07 21:00:00,BCH/USD,272.97,273.49,269.94,269.94,179.84720333,48547.9540669002
1651953600,2022-05-07 20:00:00,BCH/USD,274.16,274.20,273.35,273.89,136.72628822,37447.96308057579
1651950000,2022-05-07 19:00:00,BCH/USD,276.53,276.53,274.49,274.76,49.72198874,13661.6136262024
1651946400,2022-05-07 18:00:00,BCH/USD,276.02,276.88,276.02,276.62,23.09497047,6388.5307314114
1651942800,2022-05-07 17:00:00,BCH/USD,276.11,276.11,275.53,275.53,47.72218055,13148.892406941499
1651939200,2022-05-07 16:00:00,BCH/USD,276.79,277.23,275.52,275.83,43.05396361,11875.574782546299
1651935600,2022-05-07 15:00:00,BCH/USD,276.63,276.75,276.28,276.28,73.81997508,20394.9827151024
1651932000,2022-05-07 14:00:00,BCH/USD,275.07,276.57,275.07,276.56,45.09080937,12470.3142393672
1651928400,2022-05-07 13:00:00,BCH/USD,274.79,275.21,274.04,274.73,64.29324548,17663.283330720402
1651924800,2022-05-07 12:00:00,BCH/USD,275.84,275.84,274.43,274.43,31.68066884,8694.125949761199
1651921200,2022-05-07 11:00:00,BCH/USD,276.23,276.86,275.12,275.89,175.11580713,48312.7000290957
1651917600,2022-05-07 10:00:00,BCH/USD,274.91,276.33,274.91,276.14,63.68256561,17585.3036675454
1651914000,2022-05-07 09:00:00,BCH/USD,274.64,275.41,274.64,274.86,15.00800000,4125.09888
1651910400,2022-05-07 08:00:00,BCH/USD,274.60,275.26,274.28,274.46,62.88803720,17260.250689911998
1651906800,2022-05-07 07:00:00,BCH/USD,272.21,273.72,272.20,273.72,10.24439138,2804.0948085336004
1651903200,2022-05-07 06:00:00,BCH/USD,272.98,272.98,270.65,272.37,62.89505885,17130.7271789745
1651899600,2022-05-07 05:00:00,BCH/USD,269.40,271.78,269.40,271.34,91.06099502,24708.490388726797
1651896000,2022-05-07 04:00:00,BCH/USD,271.59,271.59,270.55,270.55,100.92208879,27304.471122134502
1651892400,2022-05-07 03:00:00,BCH/USD,272.19,272.83,271.70,271.96,10.36114491,2817.8169697236
1651888800,2022-05-07 02:00:00,BCH/USD,273.71,273.71,272.96,273.08,21.16779000,5780.500093199999
1651885200,2022-05-07 01:00:00,BCH/USD,272.95,273.26,272.79,272.89,12.21928073,3334.5195184096997
1651881600,2022-05-07 00:00:00,BCH/USD,275.24,275.59,274.16,274.16,30.29005165,8304.320560364
1651878000,2022-05-06 23:00:00,BCH/USD,275.97,276.47,274.71,275.44,78.30335357,21567.8757073208
1651874400,2022-05-06 22:00:00,BCH/USD,273.94,275.57,272.95,275.56,80.53541454,22192.338830642402
1651870800,2022-05-06 21:00:00,BCH/USD,275.72,275.77,273.50,273.50,75.48006915,20643.798912525002
1651867200,2022-05-06 20:00:00,BCH/USD,273.84,274.69,272.54,274.69,12.28634492,3374.9360860747997
1651863600,2022-05-06 19:00:00,BCH/USD,273.22,275.49,273.22,274.10,97.36148730,26686.783668930002
1651860000,2022-05-06 18:00:00,BCH/USD,272.24,273.27,271.68,273.27,98.13685475,26817.858297532497
1651856400,2022-05-06 17:00:00,BCH/USD,274.71,274.81,272.84,272.84,12.92243745,3525.7578338579997
1651852800,2022-05-06 16:00:00,BCH/USD,273.59,275.35,273.38,275.35,42.09717561,11591.457304213502
1651849200,2022-05-06 15:00:00,BCH/USD,273.95,277.30,273.85,274.77,192.44816918,52878.9834455886
1651845600,2022-05-06 14:00:00,BCH/USD,268.87,273.83,268.43,273.83,222.99956737,61063.9715329271
1651842000,2022-05-06 13:00:00,BCH/USD,269.94,272.00,265.74,268.73,153.80576860,41332.224195878
1651838400,2022-05-06 12:00:00,BCH/USD,271.77,273.39,269.64,270.25,155.77191814,42097.360877335
1651834800,2022-05-06 11:00:00,BCH/USD,271.26,271.59,267.56,270.37,115.26609778,31164.494856778598
1651831200,2022-05-06 10:00:00,BCH/USD,274.43,274.43,270.77,270.79,167.41954320,45335.538103128005
1651827600,2022-05-06 09:00:00,BCH/USD,272.69,274.18,272.21,274.08,136.27626235,37350.597984887994
1651824000,2022-05-06 08:00:00,BCH/USD,272.35,274.66,272.35,273.59,42.87020046,11728.8581438514
1651820400,2022-05-06 07:00:00,BCH/USD,277.03,277.37,271.19,273.50,239.88836221,65609.467064435
1651816800,2022-05-06 06:00:00,BCH/USD,277.20,277.93,277.08,277.08,46.08005038,12767.8603592904
1651813200,2022-05-06 05:00:00,BCH/USD,276.88,277.44,276.88,277.05,76.56776765,21213.100027432498
1651809600,2022-05-06 04:00:00,BCH/USD,276.49,276.53,275.25,275.71,140.22474482,38661.3643943222
1651806000,2022-05-06 03:00:00,BCH/USD,276.21,276.64,276.21,276.64,16.48983832,4561.7488728448
1651802400,2022-05-06 02:00:00,BCH/USD,274.22,276.03,274.22,275.85,168.61451601,46512.3142413585
1651798800,2022-05-06 01:00:00,BCH/USD,274.50,274.72,273.25,274.05,141.92522485,38894.60787014251
1651795200,2022-05-06 00:00:00,BCH/USD,276.85,276.85,274.93,275.14,72.88592252,20053.832722152798
1651791600,2022-05-05 23:00:00,BCH/USD,274.26,277.47,274.26,277.47,131.58878863,36511.941181166105
1651788000,2022-05-05 22:00:00,BCH/USD,275.86,276.47,274.15,274.15,58.76967791,16111.707199026498
1651784400,2022-05-05 21:00:00,BCH/USD,277.54,277.54,276.44,276.84,177.54413139,49151.317334007595
1651780800,2022-05-05 20:00:00,BCH/USD,275.85,277.05,275.46,276.72,74.12778595,20512.640928084
1651777200,2022-05-05 19:00:00,BCH/USD,275.62,276.47,272.99,276.47,170.66162433,47182.819278515104
1651773600,2022-05-05 18:00:00,BCH/USD,276.56,278.14,273.25,275.74,36.17574247,9975.099228677802
1651770000,2022-05-05 17:00:00,BCH/USD,277.40,278.62,276.69,276.99,122.03301456,33801.9247029744
1651766400,2022-05-05 16:00:00,BCH/USD,278.18,279.54,276.27,277.53,207.38190455,57554.699969761496
1651762800,2022-05-05 15:00:00,BCH/USD,288.08,288.09,275.95,277.82,597.22392771,165920.7515963922
1651759200,2022-05-05 14:00:00,BCH/USD,294.77,295.92,287.97,288.21,152.64250859,43993.0974007239
1651755600,2022-05-05 13:00:00,BCH/USD,297.99,298.91,295.11,295.11,89.45345874,26398.6102087614
1651752000,2022-05-05 12:00:00,BCH/USD,296.66,298.52,296.52,298.12,86.49612820,25786.225738984
1651748400,2022-05-05 11:00:00,BCH/USD,298.54,299.30,296.57,296.65,111.41656503,33051.7240161495
1651744800,2022-05-05 10:00:00,BCH/USD,298.90,300.15,298.71,298.94,47.73680374,14270.440110035599
1651741200,2022-05-05 09:00:00,BCH/USD,297.94,299.38,297.94,299.05,114.57120600,34262.519154300004
1651737600,2022-05-05 08:00:00,BCH/USD,299.08,299.41,296.67,297.72,86.13546782,25644.251479370403
1651734000,2022-05-05 07:00:00,BCH/USD,298.29,299.02,297.67,299.02,39.07882349,11685.349799979798
1651730400,2022-05-05 06:00:00,BCH/USD,298.90,300.00,298.09,298.09,33.02628732,9844.8059872188
1651726800,2022-05-05 05:00:00,BCH/USD,299.81,301.32,298.58,298.58,18.98023218,5667.1177243044
1651723200,2022-05-05 04:00:00,BCH/USD,301.39,301.39,299.59,300.13,119.58073013,35889.7645339169
1651719600,2022-05-05 03:00:00,BCH/USD,302.41,302.41,301.41,301.68,1.25775782,379.44037913759996
1651716000,2022-05-05 02:00:00,BCH/USD,301.84,302.44,301.84,302.35,43.51401308,13156.461854738
1651712400,2022-05-05 01:00:00,BCH/USD,301.21,301.47,301.19,301.19,7.11721465,2143.6338804335
1651708800,2022-05-05 00:00:00,BCH/USD,300.66,302.21,299.79,301.85,205.62224159,62067.0736239415
1651705200,2022-05-04 23:00:00,BCH/USD,297.87,300.17,297.87,300.10,137.16016369,41161.765123369
1651701600,2022-05-04 22:00:00,BCH/USD,296.95,298.20,296.95,297.63,157.20543282,46789.0529702166
1651698000,2022-05-04 21:00:00,BCH/USD,298.94,299.41,296.34,296.34,332.68134150,98586.78874010999
1651694400,2022-05-04 20:00:00,BCH/USD,298.75,299.64,298.05,298.55,220.11204306,65714.450455563
1651690800,2022-05-04 19:00:00,BCH/USD,295.33,298.95,294.49,298.25,366.08338404,109184.36928993
1651687200,2022-05-04 18:00:00,BCH/USD,290.00,295.40,286.18,294.30,392.90039719,115630.586893017
1651683600,2022-05-04 17:00:00,BCH/USD,288.12,289.19,286.15,289.01,285.91300995,82631.7190056495
1651680000,2022-05-04 16:00:00,BCH/USD,285.44,289.39,284.98,287.37,176.39237233,50689.8760364721
1651676400,2022-05-04 15:00:00,BCH/USD,284.72,287.11,284.72,286.66,53.39096111,15305.052911792602
1651672800,2022-05-04 14:00:00,BCH/USD,285.08,288.51,285.08,286.65,633.08893045,181474.94191349248
1651669200,2022-05-04 13:00:00,BCH/USD,286.69,287.38,285.26,285.37,164.07173768,46821.1517817416
1651665600,2022-05-04 12:00:00,BCH/USD,290.19,290.19,286.07,286.33,475.52250089,136156.3576798337
1651662000,2022-05-04 11:00:00,BCH/USD,289.00,290.49,289.00,289.79,112.27416341,32535.929814583902
1651658400,2022-05-04 10:00:00,BCH/USD,287.72,290.42,287.72,289.35,88.41131329,25581.8135004615
1651654800,2022-05-04 09:00:00,BCH/USD,287.94,288.84,287.02,287.22,143.20471356,41131.2578287032
1651651200,2022-05-04 08:00:00,BCH/USD,287.13,290.00,287.13,287.42,99.70253790,28656.503443218
1651647600,2022-05-04 07:00:00,BCH/USD,284.47,286.57,284.15,286.36,115.66304010,33121.268163036
1651644000,2022-05-04 06:00:00,BCH/USD,282.22,285.83,282.21,284.82,128.17363303,36506.414159604596
1651640400,2022-05-04 05:00:00,BCH/USD,282.66,282.69,281.79,282.41,36.36431130,10269.645154233
1651636800,2022-05-04 04:00:00,BCH/USD,283.81,284.15,282.79,282.81,18.51127972,5235.1750176132
1651633200,2022-05-04 03:00:00,BCH/USD,282.78,283.70,282.78,283.12,10.75202000,3044.1119024
1651629600,2022-05-04 02:00:00,BCH/USD,282.70,283.88,282.70,283.17,14.89484626,4217.7736154442
1651626000,2022-05-04 01:00:00,BCH/USD,281.31,283.27,281.20,282.71,120.83050698,34159.9926283158
1651622400,2022-05-04 00:00:00,BCH/USD,278.84,280.82,278.84,280.82,157.17555730,44138.040000986
1651618800,2022-05-03 23:00:00,BCH/USD,279.25,279.66,279.00,279.28,97.34666502,27186.9766067856
1651615200,2022-05-03 22:00:00,BCH/USD,280.16,281.62,280.16,280.95,117.57120913,33031.6312050735
1651611600,2022-05-03 21:00:00,BCH/USD,279.55,280.37,277.96,279.90,227.54826318,63690.758864081996
1651608000,2022-05-03 20:00:00,BCH/USD,277.00,278.62,276.48,278.62,123.00591899,34271.9091489938
1651604400,2022-05-03 19:00:00,BCH/USD,278.33,279.23,276.07,278.25,193.16893475,53749.2560941875
1651600800,2022-05-03 18:00:00,BCH/USD,281.13,281.13,278.41,278.41,387.27332736,107820.7670702976
1651597200,2022-05-03 17:00:00,BCH/USD,282.91,283.49,281.69,282.54,98.14164011,27728.9389966794
1651593600,2022-05-03 16:00:00,BCH/USD,283.75,284.30,281.64,283.20,219.04613935,62033.86666392
1651590000,2022-05-03 15:00:00,BCH/USD,286.49,286.49,284.15,284.25,63.35880111,18009.7392155175
1651586400,2022-05-03 14:00:00,BCH/USD,285.72,287.48,284.93,285.76,121.21472676,34638.3203189376
1651582800,2022-05-03 13:00:00,BCH/USD,288.47,288.71,286.43,287.25,71.79267564,20622.44607759
1651579200,2022-05-03 12:00:00,BCH/USD,289.41,289.59,287.71,288.28,449.81453570,129672.534351596
1651575600,2022-05-03 11:00:00,BCH/USD,286.91,289.34,286.26,289.33,180.05482808,52095.263408386396
1651572000,2022-05-03 10:00:00,BCH/USD,287.97,288.04,286.81,287.15,29.89719000,8584.9781085
1651568400,2022-05-03 09:00:00,BCH/USD,288.70,288.70,287.61,287.90,21.13779683,6085.5717073569995
1651564800,2022-05-03 08:00:00,BCH/USD,288.42,288.76,288.22,288.70,24.49951481,7073.009925647
1651561200,2022-05-03 07:00:00,BCH/USD,287.57,288.16,286.59,288.05,77.91865158,22444.467587619
1651557600,2022-05-03 06:00:00,BCH/USD,288.06,288.45,287.83,288.20,11.75185479,3386.8845504779997
1651554000,2022-05-03 05:00:00,BCH/USD,287.04,288.16,286.43,287.59,128.47020188,36946.74535866919
1651550400,2022-05-03 04:00:00,BCH/USD,286.93,286.93,286.13,286.54,21.67369454,6210.3804334916
1651546800,2022-05-03 03:00:00,BCH/USD,286.13,286.94,286.00,286.69,56.24175889,16123.9498561741
1651543200,2022-05-03 02:00:00,BCH/USD,287.18,287.19,285.58,286.65,105.83610748,30337.920209141997
1651539600,2022-05-03 01:00:00,BCH/USD,284.03,284.80,284.03,284.62,63.02792424,17939.0077971888
1651536000,2022-05-03 00:00:00,BCH/USD,285.16,285.23,283.88,284.13,38.53336289,10948.4843979357
1651532400,2022-05-02 23:00:00,BCH/USD,285.18,286.56,284.89,285.06,111.29145759,31724.742900605397
1651528800,2022-05-02 22:00:00,BCH/USD,285.76,286.90,285.36,285.49,32.23638750,9203.166267375
1651525200,2022-05-02 21:00:00,BCH/USD,282.26,285.07,282.26,285.07,25.34733240,7225.764047268
1651521600,2022-05-02 20:00:00,BCH/USD,283.50,283.51,282.25,282.25,26.07298120,7359.0989437
1651518000,2022-05-02 19:00:00,BCH/USD,282.21,284.26,282.21,283.91,188.70669963,53575.7190919533
1651514400,2022-05-02 18:00:00,BCH/USD,281.58,281.58,280.27,280.30,76.30821040,21389.191375119997
1651510800,2022-05-02 17:00:00,BCH/USD,284.18,284.82,281.43,281.61,154.71290615,43568.7015009015
1651507200,2022-05-02 16:00:00,BCH/USD,284.68,286.12,284.47,284.51,15.46080239,4398.7528879789
1651503600,2022-05-02 15:00:00,BCH/USD,285.06,286.45,284.68,285.04,57.31522758,16337.132469403201
1651500000,2022-05-02 14:00:00,BCH/USD,284.87,287.44,284.28,285.32,73.42640562,20950.0220514984
1651496400,2022-05-02 13:00:00,BCH/USD,282.01,286.58,282.01,284.36,132.85492175,37778.62554883
1651492800,2022-05-02 12:00:00,BCH/USD,280.44,282.24,279.80,281.87,110.29361160,31088.460301692
1651489200,2022-05-02 11:00:00,BCH/USD,282.86,283.18,279.82,280.60,341.37929843,95791.031139458
1651485600,2022-05-02 10:00:00,BCH/USD,283.91,283.91,282.67,282.96,55.39924869,15675.771409322399
1651482000,2022-05-02 09:00:00,BCH/USD,285.26,286.49,283.84,284.11,46.66521946,13258.055500780602
1651478400,2022-05-02 08:00:00,BCH/USD,285.00,285.75,284.42,285.75,69.32318423,19809.099893722498
1651474800,2022-05-02 07:00:00,BCH/USD,286.14,287.24,285.69,287.14,83.57330341,23997.238341147397
1651471200,2022-05-02 06:00:00,BCH/USD,286.89,287.06,285.73,285.98,61.65503736,17632.1075842128
1651467600,2022-05-02 05:00:00,BCH/USD,287.98,289.13,285.95,287.47,239.72957654,68915.06136795381
1651464000,2022-05-02 04:00:00,BCH/USD,285.70,289.21,284.62,288.56,174.00841036,50211.8668934816
1651460400,2022-05-02 03:00:00,BCH/USD,285.72,285.72,285.71,285.72,10.70278000,3057.9983016000006
1651456800,2022-05-02 02:00:00,BCH/USD,287.04,287.04,285.49,285.49,40.71862341,11624.7597973209
1651453200,2022-05-02 01:00:00,BCH/USD,287.23,290.04,287.03,287.03,102.12518884,29312.9929527452
1651449600,2022-05-02 00:00:00,BCH/USD,285.58,286.85,285.58,286.85,20.20899963,5796.951543865501
1651446000,2022-05-01 23:00:00,BCH/USD,282.65,285.99,282.65,284.33,108.96498913,30982.0153593329
1651442400,2022-05-01 22:00:00,BCH/USD,281.31,281.32,279.38,279.38,91.71920553,25624.5116409714
1651438800,2022-05-01 21:00:00,BCH/USD,283.78,284.10,282.28,282.28,95.10473723,26846.165225284396
1651435200,2022-05-01 20:00:00,BCH/USD,279.64,282.34,279.64,282.34,36.39156593,10274.7947246762
1651431600,2022-05-01 19:00:00,BCH/USD,281.38,281.38,279.54,280.74,41.00593617,11512.0065203658
1651428000,2022-05-01 18:00:00,BCH/USD,286.33,286.33,283.73,283.73,115.30075024,32714.281865595203
1651424400,2022-05-01 17:00:00,BCH/USD,286.69,287.36,286.50,286.79,15.84743450,4544.885740255
1651420800,2022-05-01 16:00:00,BCH/USD,283.56,286.77,282.98,286.69,175.15523199,50215.2534592131
1651417200,2022-05-01 15:00:00,BCH/USD,277.63,283.18,277.58,283.18,54.87438432,15539.3281517376
1651413600,2022-05-01 14:00:00,BCH/USD,277.11,277.92,276.06,277.07,40.03596290,11092.764240703
1651410000,2022-05-01 13:00:00,BCH/USD,277.44,277.96,277.17,277.23,32.39067494,8979.666813616199
1651406400,2022-05-01 12:00:00,BCH/USD,277.49,278.18,276.50,278.18,73.08660597,20331.2320487346
1651402800,2022-05-01 11:00:00,BCH/USD,278.39,278.53,276.87,277.98,17.69799513,4919.6886862374
1651399200,2022-05-01 10:00:00,BCH/USD,278.23,278.29,277.56,278.01,5.99408382,1666.4152427982
1651395600,2022-05-01 09:00:00,BCH/USD,280.28,280.31,277.03,277.94,94.88093008,26371.2057064352
1651392000,2022-05-01 08:00:00,BCH/USD,277.32,279.46,277.27,279.46,213.49978206,59664.6490944876
1651388400,2022-05-01 07:00:00,BCH/USD,277.24,277.72,276.39,276.59,41.47061507,11470.357422211298
1651384800,2022-05-01 06:00:00,BCH/USD,281.14,281.59,277.04,277.04,167.62599247,46439.104953888804
1651381200,2022-05-01 05:00:00,BCH/USD,278.28,282.08,278.28,281.15,38.63492806,10862.210024069
1651377600,2022-05-01 04:00:00,BCH/USD,278.16,278.48,277.99,278.35,3.78060943,1052.3326348405
1651374000,2022-05-01 03:00:00,BCH/USD,276.87,279.45,276.85,279.36,64.22670125,17942.3712612
1651370400,2022-05-01 02:00:00,BCH/USD,278.15,278.69,276.42,276.85,35.40975013,9803.1893234905
1651366800,2022-05-01 01:00:00,BCH/USD,276.67,277.94,273.15,277.94,152.66005190,42430.334825086
1651363200,2022-05-01 00:00:00,BCH/USD,278.14,278.74,275.46,276.57,207.55899074,57404.5900689618
1651359600,2022-04-30 23:00:00,BCH/USD,283.32,283.32,267.91,278.46,896.05915257,249516.6316246422
1651356000,2022-04-30 22:00:00,BCH/USD,285.02,285.02,282.63,282.68,73.52692266,20784.5904975288
1651352400,2022-04-30 21:00:00,BCH/USD,285.66,285.98,285.17,285.97,152.28672468,43549.4346567396
1651348800,2022-04-30 20:00:00,BCH/USD,287.84,287.84,285.37,285.37,104.48544616,29817.0117706792
1651345200,2022-04-30 19:00:00,BCH/USD,287.07,288.92,286.71,287.92,72.50284113,20875.0180181496
1651341600,2022-04-30 18:00:00,BCH/USD,286.59,286.67,285.64,286.67,40.16066346,11512.8573940782
1651338000,2022-04-30 17:00:00,BCH/USD,287.78,288.02,285.95,286.29,23.63054630,6765.189100227
1651334400,2022-04-30 16:00:00,BCH/USD,289.24,290.49,288.41,288.41,48.58032026,14011.050166186602
1651330800,2022-04-30 15:00:00,BCH/USD,289.10,290.15,287.50,290.15,72.66664528,21084.227127992
1651327200,2022-04-30 14:00:00,BCH/USD,293.22,293.51,289.00,289.00,97.48930621,28174.40949469
1651323600,2022-04-30 13:00:00,BCH/USD,293.71,294.36,292.89,293.29,21.59699483,6334.1826136907
1651320000,2022-04-30 12:00:00,BCH/USD,293.63,293.63,293.16,293.27,17.38243041,5097.7453663407005
1651316400,2022-04-30 11:00:00,BCH/USD,293.69,294.14,293.37,293.64,16.91619363,4967.2710975131995
1651312800,2022-04-30 10:00:00,BCH/USD,294.90,294.90,293.84,293.87,4.43500000,1303.3134499999999
1651309200,2022-04-30 09:00:00,BCH/USD,295.13,295.72,294.55,294.94,9.69032024,2858.0630515856
1651305600,2022-04-30 08:00:00,BCH/USD,296.27,296.64,294.92,295.87,28.79415918,8519.3278765866
1651302000,2022-04-30 07:00:00,BCH/USD,296.68,296.75,295.24,295.43,1.95014019,576.1299163317
1651298400,2022-04-30 06:00:00,BCH/USD,296.90,296.90,295.88,296.44,117.80820057,34923.062976970796
1651294800,2022-04-30 05:00:00,BCH/USD,295.43,298.06,295.43,297.72,27.43347879,8167.495305358801
1651291200,2022-04-30 04:00:00,BCH/USD,294.75,295.43,294.06,295.43,14.31347238,4228.6291452234
1651287600,2022-04-30 03:00:00,BCH/USD,294.28,294.67,293.08,294.67,67.45083419,19875.7373107673
1651284000,2022-04-30 02:00:00,BCH/USD,295.84,295.84,293.83,294.28,69.66800000,20501.89904
1651280400,2022-04-30 01:00:00,BCH/USD,296.25,296.25,294.31,295.09,95.64592229,28224.155208556098
1651276800,2022-04-30 00:00:00,BCH/USD,294.43,296.14,294.43,296.08,19.85482000,5878.6151056
1651273200,2022-04-29 23:00:00,BCH/USD,296.04,296.04,293.54,294.84,128.55835828,37904.146355275196
1651269600,2022-04-29 22:00:00,BCH/USD,294.96,295.51,292.43,295.51,111.58042729,32973.1320684679
1651266000,2022-04-29 21:00:00,BCH/USD,293.90,295.19,293.61,294.96,89.23286986,26320.127293905596
1651262400,2022-04-29 20:00:00,BCH/USD,292.59,294.09,292.38,293.24,66.60465474,19531.1489559576
1651258800,2022-04-29 19:00:00,BCH/USD,295.34,295.65,291.13,291.78,155.47800374,45365.37193125719
1651255200,2022-04-29 18:00:00,BCH/USD,297.81,297.81,292.68,294.72,118.51644370,34929.166287264
1651251600,2022-04-29 17:00:00,BCH/USD,298.58,299.40,298.00,298.26,12.82253962,3824.4506670612
1651248000,2022-04-29 16:00:00,BCH/USD,300.90,301.93,297.14,297.60,66.98746885,19935.47072976
1651244400,2022-04-29 15:00:00,BCH/USD,300.45,302.48,299.96,301.92,51.80752826,15641.7289322592
1651240800,2022-04-29 14:00:00,BCH/USD,302.97,302.97,299.08,300.53,191.62707476,57589.684777622795
1651237200,2022-04-29 13:00:00,BCH/USD,300.59,303.49,299.72,303.44,107.23197846,32538.471543902397
1651233600,2022-04-29 12:00:00,BCH/USD,297.25,300.55,297.09,300.18,432.49505805,129826.366525449
1651230000,2022-04-29 11:00:00,BCH/USD,298.69,299.42,297.81,297.81,67.21760573,20018.0751624513
1651226400,2022-04-29 10:00:00,BCH/USD,302.01,302.54,297.59,298.34,120.98145424,36093.6070579616
1651222800,2022-04-29 09:00:00,BCH/USD,304.07,304.07,301.90,301.94,189.32583007,57165.0411313358
1651219200,2022-04-29 08:00:00,BCH/USD,307.85,308.64,306.50,306.50,136.76955640,41919.8690366
1651215600,2022-04-29 07:00:00,BCH/USD,307.35,308.80,307.35,307.71,48.80757626,15018.579290964599
1651212000,2022-04-29 06:00:00,BCH/USD,307.14,308.95,306.66,307.81,160.70595416,49466.8997499896
1651208400,2022-04-29 05:00:00,BCH/USD,307.16,308.29,307.16,308.12,10.70474515,3298.346075618
1651204800,2022-04-29 04:00:00,BCH/USD,304.98,307.07,304.72,306.89,108.64341410,33341.577353149
1651201200,2022-04-29 03:00:00,BCH/USD,302.81,304.25,302.75,304.25,95.18576510,28960.269031674998
1651197600,2022-04-29 02:00:00,BCH/USD,304.95,305.40,303.50,304.06,46.38089883,14102.5760982498
1651194000,2022-04-29 01:00:00,BCH/USD,305.65,306.18,304.79,305.13,74.66944412,22783.8874843356
1651190400,2022-04-29 00:00:00,BCH/USD,306.70,307.57,304.75,305.91,203.55571769,62269.72959854791
1651186800,2022-04-28 23:00:00,BCH/USD,306.60,307.74,305.66,305.66,3.27739435,1001.768357021
1651183200,2022-04-28 22:00:00,BCH/USD,308.40,308.40,306.14,307.03,77.23278572,23712.782199611596
1651179600,2022-04-28 21:00:00,BCH/USD,308.32,308.59,307.50,307.84,16.59768127,5109.430202156799
1651176000,2022-04-28 20:00:00,BCH/USD,308.31,310.15,307.22,308.51,96.58567259,29797.6458507409
1651172400,2022-04-28 19:00:00,BCH/USD,309.84,311.17,308.39,308.77,110.77435137,34203.7964725149
1651168800,2022-04-28 18:00:00,BCH/USD,311.43,311.69,309.72,310.30,29.82554248,9254.865831544
1651165200,2022-04-28 17:00:00,BCH/USD,308.63,311.44,308.63,311.44,63.63814672,19819.4644144768
1651161600,2022-04-28 16:00:00,BCH/USD,306.88,310.42,304.78,309.93,218.70187982,67782.2736126126
1651158000,2022-04-28 15:00:00,BCH/USD,307.78,312.49,304.58,306.64,107.21874552,32877.5561262528
1651154400,2022-04-28 14:00:00,BCH/USD,306.55,307.74,304.51,307.74,38.41472006,11821.7459512644
1651150800,2022-04-28 13:00:00,BCH/USD,308.04,308.19,305.42,306.82,100.11286891,30716.6304389662
1651147200,2022-04-28 12:00:00,BCH/USD,309.86,310.61,308.43,308.79,61.00224667,18836.883749229302
1651143600,2022-04-28 11:00:00,BCH/USD,309.17,310.27,309.17,309.96,6.85605468,2125.1027086127997
1651140000,2022-04-28 10:00:00,BCH/USD,311.11,311.12,309.05,309.52,25.31715857,7836.1669205864
1651136400,2022-04-28 09:00:00,BCH/USD,311.24,312.53,311.24,311.33,37.99456594,11828.8482141002
1651132800,2022-04-28 08:00:00,BCH/USD,306.80,310.68,306.80,310.49,307.98417983,95626.0079954167
1651129200,2022-04-28 07:00:00,BCH/USD,306.05,307.33,306.05,307.33,22.16278469,6811.288618777699
1651125600,2022-04-28 06:00:00,BCH/USD,304.62,306.24,304.59,305.72,68.94270065,21077.162442718003
1651122000,2022-04-28 05:00:00,BCH/USD,305.38,305.63,304.31,304.95,11.79122399,3595.7337557505
1651118400,2022-04-28 04:00:00,BCH/USD,303.71,305.31,303.71,305.29,92.15918208,28135.2766972032
1651114800,2022-04-28 03:00:00,BCH/USD,304.11,304.51,303.52,303.70,13.36803413,4059.8719652809996
1651111200,2022-04-28 02:00:00,BCH/USD,305.47,305.65,304.50,304.50,30.32303179,9233.363180055001
1651107600,2022-04-28 01:00:00,BCH/USD,308.67,309.79,305.69,305.69,96.45655235,29485.803487871497
1651104000,2022-04-28 00:00:00,BCH/USD,307.56,309.23,307.18,308.60,214.52662409,66202.916194174
1651100400,2022-04-27 23:00:00,BCH/USD,307.27,308.00,307.01,307.45,152.52094827,46892.5655456115
1651096800,2022-04-27 22:00:00,BCH/USD,307.88,308.21,306.48,306.94,23.72629147,7282.5479038018
1651093200,2022-04-27 21:00:00,BCH/USD,305.79,308.51,305.79,308.19,111.93477293,34497.177669296696
1651089600,2022-04-27 20:00:00,BCH/USD,306.09,306.13,304.85,305.72,65.23552568,19943.8049108896
1651086000,2022-04-27 19:00:00,BCH/USD,304.74,305.06,302.96,304.21,57.09174689,17367.8803214069
1651082400,2022-04-27 18:00:00,BCH/USD,308.45,309.06,304.53,305.08,187.08176980,57074.906330583995
1651078800,2022-04-27 17:00:00,BCH/USD,308.38,308.55,306.94,307.54,93.07945427,28625.655366195802
1651075200,2022-04-27 16:00:00,BCH/USD,306.93,309.24,306.93,308.27,35.27394364,10873.8986059028
1651071600,2022-04-27 15:00:00,BCH/USD,301.72,307.67,301.69,306.86,33.24261906,10200.830084751602
1651068000,2022-04-27 14:00:00,BCH/USD,307.01,307.02,301.39,301.72,113.00285348,34095.220951985604
1651064400,2022-04-27 13:00:00,BCH/USD,303.24,308.08,302.43,307.03,31.06164018,9536.8553844654
1651060800,2022-04-27 12:00:00,BCH/USD,305.18,305.20,303.11,303.11,33.14558047,10046.7568962617
1651057200,2022-04-27 11:00:00,BCH/USD,306.05,306.05,302.81,303.97,35.48402332,10786.0785685804
1651053600,2022-04-27 10:00:00,BCH/USD,305.93,306.55,305.15,306.08,77.22793162,23637.9253102496
1651050000,2022-04-27 09:00:00,BCH/USD,305.32,305.94,303.35,305.78,132.83442244,40618.1096937032
1651046400,2022-04-27 08:00:00,BCH/USD,307.57,307.73,303.55,305.76,62.17954184,19012.0167129984
1651042800,2022-04-27 07:00:00,BCH/USD,306.69,307.69,304.96,307.66,77.39252583,23810.584496857802
1651039200,2022-04-27 06:00:00,BCH/USD,304.09,306.00,304.04,305.64,38.69700992,11827.3541119488
1651035600,2022-04-27 05:00:00,BCH/USD,303.71,305.25,303.71,303.79,81.00913082,24609.763851807802
1651032000,2022-04-27 04:00:00,BCH/USD,301.66,304.13,301.43,303.01,79.63530900,24130.294980090002
1651028400,2022-04-27 03:00:00,BCH/USD,302.10,303.45,301.50,302.10,35.92185913,10851.993643173002
1651024800,2022-04-27 02:00:00,BCH/USD,299.89,303.10,299.27,303.07,153.93390470,46652.748497429
1651021200,2022-04-27 01:00:00,BCH/USD,296.59,300.14,296.30,299.20,214.62310985,64215.23446712
1651017600,2022-04-27 00:00:00,BCH/USD,295.77,296.85,294.00,296.10,43.05640005,12749.000054805001
1651014000,2022-04-26 23:00:00,BCH/USD,296.97,297.22,291.50,296.35,369.29756119,109441.3322586565
1651010400,2022-04-26 22:00:00,BCH/USD,299.49,300.11,297.02,297.02,559.72793523,166250.3913220146
1651006800,2022-04-26 21:00:00,BCH/USD,296.80,299.34,296.70,298.87,47.45992666,14184.348280874201
1651003200,2022-04-26 20:00:00,BCH/USD,298.71,299.66,294.73,297.04,163.22071326,48483.0806667504
1650999600,2022-04-26 19:00:00,BCH/USD,301.75,301.81,296.35,299.23,180.80065968,54100.9813960464
1650996000,2022-04-26 18:00:00,BCH/USD,301.17,302.37,300.00,301.40,232.39231169,70043.042743366
1650992400,2022-04-26 17:00:00,BCH/USD,303.68,303.69,300.65,301.45,233.38385727,70353.5637740415
1650988800,2022-04-26 16:00:00,BCH/USD,303.78,305.92,302.63,304.09,357.63874980,108754.367426682
1650985200,2022-04-26 15:00:00,BCH/USD,309.00,310.19,304.17,304.18,369.07197704,112264.3139760272
1650981600,2022-04-26 14:00:00,BCH/USD,314.00,314.98,309.00,309.62,173.59730068,53749.1962365416
1650978000,2022-04-26 13:00:00,BCH/USD,318.07,318.25,313.69,313.82,267.77485551,84033.1051561482
1650974400,2022-04-26 12:00:00,BCH/USD,320.93,320.94,317.80,317.96,68.23590418,21696.2880930728
1650970800,2022-04-26 11:00:00,BCH/USD,319.67,321.87,318.95,320.65,97.00745420,31105.440189229997
1650967200,2022-04-26 10:00:00,BCH/USD,320.32,320.59,319.49,320.12,86.18627480,27589.950288976004
1650963600,2022-04-26 09:00:00,BCH/USD,317.87,320.98,317.46,320.73,142.11115356,45579.3102812988
1650960000,2022-04-26 08:00:00,BCH/USD,315.84,317.40,315.83,317.40,94.41904851,29968.605997073995
1650956400,2022-04-26 07:00:00,BCH/USD,311.72,315.25,311.72,315.25,110.80979934,34932.789241935
1650952800,2022-04-26 06:00:00,BCH/USD,313.60,313.60,311.59,312.06,29.56047417,9224.641569490199
1650949200,2022-04-26 05:00:00,BCH/USD,313.50,314.57,313.29,313.81,7.98456493,2505.6363206833003
1650945600,2022-04-26 04:00:00,BCH/USD,313.03,313.36,312.41,312.44,116.29021527,36333.7148589588
1650942000,2022-04-26 03:00:00,BCH/USD,313.66,314.23,313.12,313.12,96.39240928,30182.3911937536
1650938400,2022-04-26 02:00:00,BCH/USD,314.22,314.57,313.07,313.42,82.13359056,25742.3099533152
1650934800,2022-04-26 01:00:00,BCH/USD,315.85,316.41,314.30,314.30,59.12973955,18584.477140565
1650931200,2022-04-26 00:00:00,BCH/USD,314.78,316.65,314.78,316.42,64.04733591,20265.8580286422
1650927600,2022-04-25 23:00:00,BCH/USD,314.07,315.65,313.53,314.75,26.47359999,8332.5655968525
1650924000,2022-04-25 22:00:00,BCH/USD,313.76,314.95,312.40,313.95,113.03288528,35486.674333656
1650920400,2022-04-25 21:00:00,BCH/USD,313.18,313.62,312.65,313.27,36.74570515,11511.327052340499
1650916800,2022-04-25 20:00:00,BCH/USD,313.78,314.46,312.95,312.95,82.66147036,25868.907149161998
1650913200,2022-04-25 19:00:00,BCH/USD,310.85,313.51,310.39,313.36,212.12665401,66472.00830057361
1650909600,2022-04-25 18:00:00,BCH/USD,309.89,313.16,309.01,311.25,191.52747583,59612.9268520875
1650906000,2022-04-25 17:00:00,BCH/USD,311.19,311.92,309.89,309.96,211.99922592,65711.28006616319
1650902400,2022-04-25 16:00:00,BCH/USD,307.66,312.49,307.66,311.02,111.09329919,34552.2379140738
1650898800,2022-04-25 15:00:00,BCH/USD,308.21,309.48,307.71,307.76,159.50629813,49089.6583124888
1650895200,2022-04-25 14:00:00,BCH/USD,305.56,310.36,305.56,308.49,97.11113524,29957.8141101876
1650891600,2022-04-25 13:00:00,BCH/USD,305.29,307.59,303.41,306.51,229.47903756,70337.61980251559
1650888000,2022-04-25 12:00:00,BCH/USD,305.43,306.73,305.23,305.27,258.22674135,78828.8773319145
1650884400,2022-04-25 11:00:00,BCH/USD,301.05,305.53,300.63,305.28,107.62405929,32855.472820051196
1650880800,2022-04-25 10:00:00,BCH/USD,301.76,302.55,301.33,301.39,67.56267522,20362.714684555798
1650877200,2022-04-25 09:00:00,BCH/USD,300.68,302.84,300.41,302.34,309.21342503,93487.5869235702
1650873600,2022-04-25 08:00:00,BCH/USD,302.00,303.12,299.90,299.90,132.98884122,39883.353481878
1650870000,2022-04-25 07:00:00,BCH/USD,304.36,304.55,302.47,303.32,140.00038986,42464.91825233521
1650866400,2022-04-25 06:00:00,BCH/USD,304.25,306.91,303.83,304.74,184.93766287,56357.9033830038
1650862800,2022-04-25 05:00:00,BCH/USD,307.01,307.01,305.06,305.06,208.43792649,63586.0738550394
1650859200,2022-04-25 04:00:00,BCH/USD,307.88,307.91,307.06,307.51,46.30727549,14239.950285929901
1650855600,2022-04-25 03:00:00,BCH/USD,305.76,308.81,305.63,308.16,167.20580916,51526.1421507456
1650852000,2022-04-25 02:00:00,BCH/USD,306.34,306.66,304.57,305.64,184.12348808,56275.50289677119
1650848400,2022-04-25 01:00:00,BCH/USD,303.12,306.67,302.87,306.23,84.87171080,25990.263998284
1650844800,2022-04-25 00:00:00,BCH/USD,307.18,307.75,302.11,303.23,229.07511359,69462.4466938957
1650841200,2022-04-24 23:00:00,BCH/USD,308.34,308.50,308.24,308.33,19.94111257,6148.4432387081
1650837600,2022-04-24 22:00:00,BCH/USD,310.25,310.91,308.70,308.73,103.56631580,31974.028676934002
1650834000,2022-04-24 21:00:00,BCH/USD,309.32,310.05,308.92,310.04,59.98651672,18598.2196438688
1650830400,2022-04-24 20:00:00,BCH/USD,311.84,311.85,309.34,309.34,43.27308214,13386.095229187598
1650826800,2022-04-24 19:00:00,BCH/USD,310.49,311.93,310.49,311.44,49.94196902,15553.9268315888
1650823200,2022-04-24 18:00:00,BCH/USD,308.89,310.33,308.89,310.33,82.26433523,25529.0911519259
1650819600,2022-04-24 17:00:00,BCH/USD,310.17,310.17,308.06,308.44,142.23592389,43871.2483646316
1650816000,2022-04-24 16:00:00,BCH/USD,312.69,312.81,308.55,310.81,209.68990720,65173.720056832
1650812400,2022-04-24 15:00:00,BCH/USD,314.38,314.62,312.23,312.70,168.66711848,52742.207948696
1650808800,2022-04-24 14:00:00,BCH/USD,312.41,314.49,310.51,314.41,178.94431115,56261.880868671506
1650805200,2022-04-24 13:00:00,BCH/USD,311.31,312.10,310.80,311.88,163.47453826,50984.4389925288
1650801600,2022-04-24 12:00:00,BCH/USD,312.84,313.01,312.06,313.01,132.98018260,41624.126955626
1650798000,2022-04-24 11:00:00,BCH/USD,313.17,313.21,311.52,312.18,82.66725423,25807.0634255214
1650794400,2022-04-24 10:00:00,BCH/USD,314.24,314.24,313.84,313.90,11.68784837,3668.8156033429996
1650790800,2022-04-24 09:00:00,BCH/USD,313.57,313.57,313.57,313.57,0.00000000,0.0
1650787200,2022-04-24 08:00:00,BCH/USD,313.78,313.78,313.57,313.57,14.08025135,4415.1444158195
1650783600,2022-04-24 07:00:00,BCH/USD,314.36,314.36,313.90,313.90,2.62800000,824.9291999999999
1650780000,2022-04-24 06:00:00,BCH/USD,314.48,314.75,314.33,314.56,4.30346129,1353.6967833824
1650776400,2022-04-24 05:00:00,BCH/USD,313.76,314.03,313.76,313.79,23.70217994,7437.5070433726005
1650772800,2022-04-24 04:00:00,BCH/USD,313.95,313.95,312.92,313.21,59.22262814,18549.119359729397
1650769200,2022-04-24 03:00:00,BCH/USD,312.03,313.74,312.03,313.60,235.86518998,73967.323577728
1650765600,2022-04-24 02:00:00,BCH/USD,311.63,313.07,311.55,312.30,269.38196816,84127.988656368
1650762000,2022-04-24 01:00:00,BCH/USD,313.05,313.05,312.50,312.57,80.59442306,25191.3988158642
1650758400,2022-04-24 00:00:00,BCH/USD,313.36,313.87,312.89,313.46,95.27110335,29863.680056090998
1650754800,2022-04-23 23:00:00,BCH/USD,316.03,316.45,312.09,312.41,279.03067369,87171.97276749292
1650751200,2022-04-23 22:00:00,BCH/USD,315.86,317.08,315.86,316.23,105.44819603,33345.8830305669
1650747600,2022-04-23 21:00:00,BCH/USD,315.78,315.84,315.46,315.66,80.38193504,25373.361614726404
1650744000,2022-04-23 20:00:00,BCH/USD,315.93,316.17,315.70,315.70,102.58886180,32387.30367026
1650740400,2022-04-23 19:00:00,BCH/USD,315.38,315.61,315.01,315.22,42.53509780,13407.913528516003
1650736800,2022-04-23 18:00:00,BCH/USD,316.99,316.99,314.84,315.23,145.88419241,45987.0739734043
1650733200,2022-04-23 17:00:00,BCH/USD,318.33,318.33,316.21,316.62,203.76719614,64516.769641846804
1650729600,2022-04-23 16:00:00,BCH/USD,318.18,319.61,318.02,318.56,202.44916653,64492.2064897968
1650726000,2022-04-23 15:00:00,BCH/USD,317.61,318.31,317.57,318.11,64.62006164,20556.287808300403
1650722400,2022-04-23 14:00:00,BCH/USD,318.20,318.30,317.21,317.23,60.44477292,19174.895313411602
1650718800,2022-04-23 13:00:00,BCH/USD,318.24,318.60,318.02,318.09,98.19400000,31234.529459999998
1650715200,2022-04-23 12:00:00,BCH/USD,317.74,318.08,315.99,317.98,188.59188670,59968.448132866004
1650711600,2022-04-23 11:00:00,BCH/USD,318.47,318.47,317.86,317.86,122.94997954,39080.8804965844
1650708000,2022-04-23 10:00:00,BCH/USD,317.87,317.89,317.87,317.89,3.28190000,1043.283191
1650704400,2022-04-23 09:00:00,BCH/USD,317.64,317.96,317.07,317.81,76.26096420,24236.497032402
1650700800,2022-04-23 08:00:00,BCH/USD,317.54,318.73,317.54,318.13,89.29407439,28407.1238856907
1650697200,2022-04-23 07:00:00,BCH/USD,318.09,318.09,318.09,318.09,4.29000000,1364.6061
1650693600,2022-04-23 06:00:00,BCH/USD,318.51,319.13,318.02,318.02,26.71158437,8494.8180613474
1650690000,2022-04-23 05:00:00,BCH/USD,318.51,318.90,318.36,318.36,13.55042415,4313.913032394
1650686400,2022-04-23 04:00:00,BCH/USD,318.62,318.62,315.53,317.68,41.71698849,13252.6529035032
1650682800,2022-04-23 03:00:00,BCH/USD,318.00,318.60,317.99,318.59,11.04560000,3519.017704
1650679200,2022-04-23 02:00:00,BCH/USD,319.84,319.84,318.09,318.10,47.01104005,14954.211839905001
1650675600,2022-04-23 01:00:00,BCH/USD,320.23,321.47,319.13,320.90,81.27911501,26082.468006708998
1650672000,2022-04-23 00:00:00,BCH/USD,321.26,323.88,319.59,319.86,301.10376995,96311.051856207
1650668400,2022-04-22 23:00:00,BCH/USD,320.23,321.67,320.17,321.67,111.62688703,35907.0207509401
1650664800,2022-04-22 22:00:00,BCH/USD,318.91,320.09,317.77,319.48,407.32586924,130132.4687047952
1650661200,2022-04-22 21:00:00,BCH/USD,319.18,320.21,319.18,319.42,136.91849234,43734.5048232428
1650657600,2022-04-22 20:00:00,BCH/USD,317.91,319.36,317.91,319.36,315.20318045,100663.287708512
1650654000,2022-04-22 19:00:00,BCH/USD,318.54,320.62,317.97,318.48,189.43219639,60330.3659062872
1650650400,2022-04-22 18:00:00,BCH/USD,318.00,321.23,317.91,318.34,268.17422714,85370.58346774761
1650646800,2022-04-22 17:00:00,BCH/USD,319.05,320.21,319.02,319.22,248.96924716,79475.96307841521
1650643200,2022-04-22 16:00:00,BCH/USD,318.85,320.37,317.98,318.63,154.42732581,49205.1788228403
1650639600,2022-04-22 15:00:00,BCH/USD,320.79,321.20,317.92,318.87,324.40472591,103442.93495092171
1650636000,2022-04-22 14:00:00,BCH/USD,323.10,323.18,320.04,321.34,182.59245754,58674.2603059036
1650632400,2022-04-22 13:00:00,BCH/USD,323.69,323.87,321.21,322.95,149.41732362,48254.324663078994
1650628800,2022-04-22 12:00:00,BCH/USD,324.50,325.01,322.78,323.26,214.51726406,69344.8507800356
1650625200,2022-04-22 11:00:00,BCH/USD,323.67,324.48,322.55,324.48,192.73121188,62537.4236308224
1650621600,2022-04-22 10:00:00,BCH/USD,323.15,325.22,322.67,323.64,229.05745705,74132.155399662
1650618000,2022-04-22 09:00:00,BCH/USD,321.80,326.69,320.38,322.22,232.78773722,75008.8646870284
1650614400,2022-04-22 08:00:00,BCH/USD,324.08,324.91,321.56,322.06,191.42035018,61648.837978970805
1650610800,2022-04-22 07:00:00,BCH/USD,323.39,325.12,320.76,323.80,267.38752837,86580.081686206
1650607200,2022-04-22 06:00:00,BCH/USD,325.67,326.36,322.11,323.26,223.52646971,72257.1665984546
1650603600,2022-04-22 05:00:00,BCH/USD,326.38,327.99,325.90,326.09,388.44382991,126667.64849535188
1650600000,2022-04-22 04:00:00,BCH/USD,325.88,326.35,325.70,325.94,119.86457625,39068.659982925
1650596400,2022-04-22 03:00:00,BCH/USD,325.78,326.75,324.83,325.71,192.36697830,62655.848502092995
1650592800,2022-04-22 02:00:00,BCH/USD,333.91,333.91,325.46,325.72,375.66064205,122360.184328526
1650589200,2022-04-22 01:00:00,BCH/USD,323.39,333.51,323.20,333.17,348.59279076,116140.66009750922
1650585600,2022-04-22 00:00:00,BCH/USD,315.62,323.49,314.69,323.29,271.18883827,87672.63952430831
1650582000,2022-04-21 23:00:00,BCH/USD,315.41,316.61,314.32,315.78,75.50590184,23843.2536830352
1650578400,2022-04-21 22:00:00,BCH/USD,318.06,318.43,312.75,315.01,293.15053569,92345.35024770691
1650574800,2022-04-21 21:00:00,BCH/USD,318.18,319.74,318.12,318.12,179.96213835,57249.555451902
1650571200,2022-04-21 20:00:00,BCH/USD,325.69,326.52,318.47,318.59,241.71254354,77007.19924640859
1650567600,2022-04-21 19:00:00,BCH/USD,330.44,330.44,327.03,327.05,250.53000504,81935.838148332
1650564000,2022-04-21 18:00:00,BCH/USD,332.76,333.12,330.59,331.00,98.44491130,32585.2656403
1650560400,2022-04-21 17:00:00,BCH/USD,334.28,335.45,333.09,333.46,180.72241220,60263.695572212
1650556800,2022-04-21 16:00:00,BCH/USD,337.46,339.13,334.60,334.60,260.84853014,87279.918184844
1650553200,2022-04-21 15:00:00,BCH/USD,341.46,341.46,337.66,337.66,186.06393386,62826.347907167605
1650549600,2022-04-21 14:00:00,BCH/USD,343.69,343.88,340.43,341.50,135.29317367,46202.61880830499
1650546000,2022-04-21 13:00:00,BCH/USD,342.63,345.75,342.31,343.63,252.96797548,86927.3854141924
1650542400,2022-04-21 12:00:00,BCH/USD,340.94,343.11,339.35,343.10,172.63906409,59232.462889279006
1650538800,2022-04-21 11:00:00,BCH/USD,336.93,340.45,336.73,339.99,277.89280680,94480.775383932
1650535200,2022-04-21 10:00:00,BCH/USD,328.17,336.44,328.17,335.81,696.80689450,233994.723242045
1650531600,2022-04-21 09:00:00,BCH/USD,332.91,332.94,327.78,328.76,296.06627903,97334.74989390279
1650528000,2022-04-21 08:00:00,BCH/USD,333.37,333.85,332.26,332.92,139.57874917,46468.5571736764
1650524400,2022-04-21 07:00:00,BCH/USD,331.67,333.09,331.67,333.09,96.07440843,32001.424703948698
1650520800,2022-04-21 06:00:00,BCH/USD,332.57,333.04,331.98,333.04,45.89785624,15285.822042169602
1650517200,2022-04-21 05:00:00,BCH/USD,334.20,335.14,332.48,332.64,136.42252106,45379.5874053984
1650513600,2022-04-21 04:00:00,BCH/USD,335.08,335.08,333.75,334.04,198.78996789,66403.8008739756
1650510000,2022-04-21 03:00:00,BCH/USD,332.00,335.05,331.85,335.05,232.86478441,78021.3460165705
1650506400,2022-04-21 02:00:00,BCH/USD,334.78,334.78,332.64,333.28,106.19889261,35393.9669290608
1650502800,2022-04-21 01:00:00,BCH/USD,333.41,334.74,333.15,333.64,90.62825682,30237.2116054248
1650499200,2022-04-21 00:00:00,BCH/USD,330.56,335.21,330.56,333.67,305.83061777,102046.5022313159
1650495600,2022-04-20 23:00:00,BCH/USD,332.12,332.15,330.34,330.39,150.39182270,49687.954301853
1650492000,2022-04-20 22:00:00,BCH/USD,333.95,333.95,331.94,331.94,101.41399357,33663.3610256258
1650488400,2022-04-20 21:00:00,BCH/USD,333.19,333.59,332.74,333.59,19.66106196,6558.7336592364
1650484800,2022-04-20 20:00:00,BCH/USD,329.59,332.27,329.01,332.27,310.27430441,103094.8431263107
1650481200,2022-04-20 19:00:00,BCH/USD,331.17,332.83,329.69,329.69,212.23493488,69971.7356805872
1650477600,2022-04-20 18:00:00,BCH/USD,336.67,336.70,331.31,331.89,204.68717799,67933.6275031011
1650474000,2022-04-20 17:00:00,BCH/USD,339.04,339.34,337.26,337.41,87.47434739,29514.719552859904
1650470400,2022-04-20 16:00:00,BCH/USD,340.13,340.14,336.68,338.94,60.99443419,20673.4535243586
1650466800,2022-04-20 15:00:00,BCH/USD,337.26,340.97,335.29,340.97,731.83302723,249533.10729461312
1650463200,2022-04-20 14:00:00,BCH/USD,337.11,342.41,335.99,338.41,913.69490740,309203.493613234
1650459600,2022-04-20 13:00:00,BCH/USD,341.38,342.08,337.37,337.37,129.48957672,43685.8984980264
1650456000,2022-04-20 12:00:00,BCH/USD,344.87,344.87,342.03,343.88,149.36282918,51362.8896984184
1650452400,2022-04-20 11:00:00,BCH/USD,341.14,344.36,341.14,344.36,152.14931076,52394.1366533136
1650448800,2022-04-20 10:00:00,BCH/USD,338.62,342.97,338.15,342.31,327.60150206,112141.27017015859
1650445200,2022-04-20 09:00:00,BCH/USD,338.43,339.79,338.15,338.54,71.27900000,24130.79266
1650441600,2022-04-20 08:00:00,BCH/USD,338.10,338.88,337.60,338.38,140.35266387,47492.534400330595
1650438000,2022-04-20 07:00:00,BCH/USD,338.11,339.51,336.83,339.51,2141.33503723,727004.6584899573
1650434400,2022-04-20 06:00:00,BCH/USD,339.11,339.55,337.79,338.64,133.23719963,45119.44528270319
1650430800,2022-04-20 05:00:00,BCH/USD,336.00,339.91,335.85,339.62,2818.64147105,957267.016398001
1650427200,2022-04-20 04:00:00,BCH/USD,335.36,336.32,335.24,336.11,100.56596257,33801.2256794027
1650423600,2022-04-20 03:00:00,BCH/USD,335.84,336.47,334.76,335.06,130.20215280,43625.533317167996
1650420000,2022-04-20 02:00:00,BCH/USD,335.14,336.30,334.90,336.08,189.91638029,63827.0970878632
1650416400,2022-04-20 01:00:00,BCH/USD,336.22,336.53,334.91,335.36,199.62538457,66946.3689693952
1650412800,2022-04-20 00:00:00,BCH/USD,340.36,340.51,335.72,336.75,458.27528884,154324.20351686998
1650409200,2022-04-19 23:00:00,BCH/USD,338.32,341.10,338.26,340.93,119.02466892,40579.0803748956
1650405600,2022-04-19 22:00:00,BCH/USD,336.83,339.34,336.83,338.20,155.80910281,52694.638570342
1650402000,2022-04-19 21:00:00,BCH/USD,336.36,337.28,336.36,336.68,107.12029602,36065.2612640136
1650398400,2022-04-19 20:00:00,BCH/USD,337.48,337.83,336.23,336.74,128.83902783,43385.254231474195
1650394800,2022-04-19 19:00:00,BCH/USD,336.32,338.30,336.32,337.94,3087.47987909,1043382.9503396746
1650391200,2022-04-19 18:00:00,BCH/USD,336.53,336.74,335.13,335.27,105.57637602,35396.5915882254
1650387600,2022-04-19 17:00:00,BCH/USD,336.57,336.57,334.90,336.51,247.68797769,83349.4813724619
1650384000,2022-04-19 16:00:00,BCH/USD,337.51,339.13,336.10,337.29,256.01189365,86350.2516092085
1650380400,2022-04-19 15:00:00,BCH/USD,339.00,340.25,336.52,337.60,214.53404656,72426.69411865601
1650376800,2022-04-19 14:00:00,BCH/USD,338.83,340.00,338.19,339.35,41.74944444,14167.673970714
1650373200,2022-04-19 13:00:00,BCH/USD,335.31,338.31,334.05,338.31,79.63666546,26941.880291772603
1650369600,2022-04-19 12:00:00,BCH/USD,333.77,335.73,333.77,335.22,73.70817017,24708.4528043874
1650366000,2022-04-19 11:00:00,BCH/USD,335.86,336.91,335.30,335.96,184.05885643,61836.4134062228
1650362400,2022-04-19 10:00:00,BCH/USD,334.20,336.28,334.20,336.24,81.13098409,27279.4820904216
1650358800,2022-04-19 09:00:00,BCH/USD,335.51,335.51,333.52,334.00,191.22389510,63868.7809634
1650355200,2022-04-19 08:00:00,BCH/USD,334.22,337.15,333.92,335.59,177.22021282,59473.3312202638
1650351600,2022-04-19 07:00:00,BCH/USD,335.00,335.11,332.57,333.20,14.62023356,4871.461822192
1650348000,2022-04-19 06:00:00,BCH/USD,336.33,337.03,336.33,336.34,13.05999996,4392.6003865464
1650344400,2022-04-19 05:00:00,BCH/USD,337.47,337.47,335.56,336.07,242.37907472,81456.3356411504
1650340800,2022-04-19 04:00:00,BCH/USD,334.39,337.15,334.39,337.15,320.20420205,107956.84672115749
1650337200,2022-04-19 03:00:00,BCH/USD,334.22,335.62,334.02,335.25,111.38302181,37341.158061802504
1650333600,2022-04-19 02:00:00,BCH/USD,336.23,336.59,334.38,334.64,115.17027229,38540.5799191256
1650330000,2022-04-19 01:00:00,BCH/USD,338.55,338.94,336.00,336.00,152.87892728,51367.31956608
1650326400,2022-04-19 00:00:00,BCH/USD,340.87,342.49,339.14,339.30,99.25329352,33676.642491336
1650322800,2022-04-18 23:00:00,BCH/USD,339.44,340.85,339.39,340.51,106.55119610,36281.747784011
1650319200,2022-04-18 22:00:00,BCH/USD,339.63,340.19,337.81,338.85,93.10978798,31550.251657023
1650315600,2022-04-18 21:00:00,BCH/USD,337.25,340.16,337.25,339.93,170.43156175,57934.80078567749
1650312000,2022-04-18 20:00:00,BCH/USD,337.90,337.90,336.66,336.92,127.95997664,43112.2753295488
1650308400,2022-04-18 19:00:00,BCH/USD,340.17,340.17,336.57,337.94,306.07696737,103435.65035301779
1650304800,2022-04-18 18:00:00,BCH/USD,333.11,339.46,333.11,338.73,203.93037093,69077.33454511891
1650301200,2022-04-18 17:00:00,BCH/USD,322.57,333.22,322.57,332.65,623.82885566,207516.668835299
1650297600,2022-04-18 16:00:00,BCH/USD,319.53,323.95,317.72,322.54,325.86533895,105104.60642493301
1650294000,2022-04-18 15:00:00,BCH/USD,321.37,321.72,318.54,319.55,160.96398142,51436.040262761
1650290400,2022-04-18 14:00:00,BCH/USD,318.07,322.22,318.06,321.48,182.14601499,58556.3008989852
1650286800,2022-04-18 13:00:00,BCH/USD,318.64,320.93,318.06,318.38,584.43615649,186072.78350328622
1650283200,2022-04-18 12:00:00,BCH/USD,315.12,319.34,315.10,319.00,187.70800254,59878.852810259996
1650279600,2022-04-18 11:00:00,BCH/USD,314.87,316.26,314.87,315.14,214.69076227,67657.64682176779
1650276000,2022-04-18 10:00:00,BCH/USD,313.68,315.88,313.67,314.78,217.25750069,68388.31606719819
1650272400,2022-04-18 09:00:00,BCH/USD,314.73,315.55,313.10,313.81,95.83648147,30074.4462501007
1650268800,2022-04-18 08:00:00,BCH/USD,316.77,316.77,314.82,314.82,164.95109293,51929.903076222596
1650265200,2022-04-18 07:00:00,BCH/USD,318.60,318.95,316.14,316.64,242.67760265,76841.436103096
1650261600,2022-04-18 06:00:00,BCH/USD,318.38,319.26,318.34,319.01,101.60191772,32412.0277718572
1650258000,2022-04-18 05:00:00,BCH/USD,319.16,320.74,318.33,318.45,166.77903692,53110.784307174
1650254400,2022-04-18 04:00:00,BCH/USD,326.55,326.55,319.04,319.64,199.19038958,63669.216125351195
1650250800,2022-04-18 03:00:00,BCH/USD,327.12,327.47,326.74,326.74,8.37457956,2736.3101254344006
1650247200,2022-04-18 02:00:00,BCH/USD,327.22,327.24,326.28,327.06,59.51197697,19463.9871878082
1650243600,2022-04-18 01:00:00,BCH/USD,326.62,327.16,326.47,327.10,48.12049326,15740.213345346003
1650240000,2022-04-18 00:00:00,BCH/USD,327.79,328.56,326.75,327.33,303.22608271,99254.9936534643
1650236400,2022-04-17 23:00:00,BCH/USD,332.20,332.29,327.55,327.59,113.66935764,37236.944869287596
1650232800,2022-04-17 22:00:00,BCH/USD,335.52,336.36,333.08,333.08,97.13361925,32353.265899789996
1650229200,2022-04-17 21:00:00,BCH/USD,335.98,335.98,335.68,335.86,50.24943328,16876.7746614208
1650225600,2022-04-17 20:00:00,BCH/USD,339.30,339.30,336.51,336.51,36.04809093,12130.5430788543
1650222000,2022-04-17 19:00:00,BCH/USD,337.75,340.78,337.74,340.78,43.96166831,14981.257326681798
1650218400,2022-04-17 18:00:00,BCH/USD,339.26,339.26,336.00,338.11,47.94646281,16211.178540689101
1650214800,2022-04-17 17:00:00,BCH/USD,341.13,341.13,338.60,338.60,137.84453537,46674.159676282
1650211200,2022-04-17 16:00:00,BCH/USD,344.76,344.76,340.81,340.97,52.82069501,18010.2723775597
1650207600,2022-04-17 15:00:00,BCH/USD,344.90,345.34,343.99,345.16,130.45170151,45026.7092931916
1650204000,2022-04-17 14:00:00,BCH/USD,346.02,346.22,345.13,345.40,162.46254919,56114.564490225996
1650200400,2022-04-17 13:00:00,BCH/USD,347.15,348.78,346.48,346.75,130.05770337,45097.5086435475
1650196800,2022-04-17 12:00:00,BCH/USD,346.84,347.87,345.89,347.18,149.25274769,51817.5689430142
1650193200,2022-04-17 11:00:00,BCH/USD,347.61,348.64,345.66,346.69,217.66598255,75462.6194902595
1650189600,2022-04-17 10:00:00,BCH/USD,346.22,346.22,346.20,346.22,7.27100000,2517.36562
1650186000,2022-04-17 09:00:00,BCH/USD,344.58,346.33,344.31,345.31,72.80621097,25140.7127100507
1650182400,2022-04-17 08:00:00,BCH/USD,345.15,345.58,344.60,344.60,103.95279381,35822.13274692601
1650178800,2022-04-17 07:00:00,BCH/USD,345.05,345.05,343.82,344.49,173.45228121,59752.5763540329
1650175200,2022-04-17 06:00:00,BCH/USD,345.17,345.47,344.65,345.31,182.03825928,62859.6313119768
1650171600,2022-04-17 05:00:00,BCH/USD,343.41,345.50,343.41,344.65,76.98717230,26533.628933194996
1650168000,2022-04-17 04:00:00,BCH/USD,343.54,343.87,343.32,343.48,110.99068245,38123.079607926
1650164400,2022-04-17 03:00:00,BCH/USD,340.76,340.96,340.76,340.96,3.15800000,1076.7516799999999
1650160800,2022-04-17 02:00:00,BCH/USD,344.26,344.26,341.12,341.42,85.44389398,29172.2542826516
1650157200,2022-04-17 01:00:00,BCH/USD,344.01,344.82,344.01,344.08,77.59987558,26700.5651895664
1650153600,2022-04-17 00:00:00,BCH/USD,343.56,344.81,343.56,344.28,89.56654167,30835.9689661476
1650150000,2022-04-16 23:00:00,BCH/USD,342.66,343.54,342.65,343.36,15.88646040,5454.775042944
1650146400,2022-04-16 22:00:00,BCH/USD,341.81,343.58,341.81,342.07,429.93103105,147066.5077912735
1650142800,2022-04-16 21:00:00,BCH/USD,340.51,341.77,339.95,341.77,32.93546866,11256.355123928199
1650139200,2022-04-16 20:00:00,BCH/USD,341.48,341.49,339.83,341.18,446.43446655,152314.511297529
1650135600,2022-04-16 19:00:00,BCH/USD,342.13,342.62,341.31,341.31,85.73517888,29262.2739035328
1650132000,2022-04-16 18:00:00,BCH/USD,340.27,341.34,339.82,341.34,28.62906652,9772.245565936799
1650128400,2022-04-16 17:00:00,BCH/USD,341.41,341.55,339.96,340.22,18.56742234,6317.0084285148005
1650124800,2022-04-16 16:00:00,BCH/USD,339.87,341.48,339.87,341.48,110.64021698,37781.4212943304
1650121200,2022-04-16 15:00:00,BCH/USD,345.64,346.00,339.76,340.16,161.36421483,54889.65131657281
1650117600,2022-04-16 14:00:00,BCH/USD,343.40,345.34,343.40,345.34,61.86385247,21364.0628119898
1650114000,2022-04-16 13:00:00,BCH/USD,346.27,346.54,343.83,343.83,156.41363440,53779.699915752
1650110400,2022-04-16 12:00:00,BCH/USD,344.89,346.92,344.77,346.29,241.47681471,83621.00616592591
1650106800,2022-04-16 11:00:00,BCH/USD,346.24,346.43,344.85,345.10,69.65971650,24039.56816415
1650103200,2022-04-16 10:00:00,BCH/USD,344.20,345.98,344.20,345.98,103.39918053,35774.0484797694
1650099600,2022-04-16 09:00:00,BCH/USD,344.63,345.04,343.31,343.50,135.31704144,46481.40373464
1650096000,2022-04-16 08:00:00,BCH/USD,344.03,347.11,344.03,345.19,145.67650385,50286.0723639815
1650092400,2022-04-16 07:00:00,BCH/USD,344.32,344.32,343.13,343.69,28.31209733,9730.5847313477
1650088800,2022-04-16 06:00:00,BCH/USD,343.34,344.02,343.01,344.02,16.35072513,5624.9764592226
1650085200,2022-04-16 05:00:00,BCH/USD,341.63,342.49,341.26,342.49,45.65403440,15636.050241656001
1650081600,2022-04-16 04:00:00,BCH/USD,340.11,341.83,340.11,341.83,65.34495648,22336.866473558395
1650078000,2022-04-16 03:00:00,BCH/USD,341.09,341.09,340.01,340.01,39.94411446,13581.3983575446
1650074400,2022-04-16 02:00:00,BCH/USD,341.94,342.49,341.71,341.97,105.87513022,36206.1182813334
1650070800,2022-04-16 01:00:00,BCH/USD,343.08,344.39,342.86,342.86,114.82082705,39367.468762363
1650067200,2022-04-16 00:00:00,BCH/USD,340.40,342.97,339.86,342.77,96.99122977,33245.683828262896
1650063600,2022-04-15 23:00:00,BCH/USD,339.78,341.86,339.74,340.86,191.97898193,65437.9557806598
1650060000,2022-04-15 22:00:00,BCH/USD,341.30,341.30,340.13,340.16,35.50883448,12078.6851367168
1650056400,2022-04-15 21:00:00,BCH/USD,336.76,340.63,336.76,340.46,394.74271905,134394.106127763
1650052800,2022-04-15 20:00:00,BCH/USD,335.69,336.90,334.92,336.57,155.01896875,52174.7343121875
1650049200,2022-04-15 19:00:00,BCH/USD,338.02,338.02,336.40,336.62,194.30296058,65406.2625904396
1650045600,2022-04-15 18:00:00,BCH/USD,339.10,339.28,338.25,338.25,84.01323899,28417.4780883675
1650042000,2022-04-15 17:00:00,BCH/USD,341.57,342.99,339.01,339.39,269.42825833,91441.2565946187
1650038400,2022-04-15 16:00:00,BCH/USD,341.53,344.15,340.09,341.60,162.13519787,55385.383592392005
1650034800,2022-04-15 15:00:00,BCH/USD,338.27,341.57,338.27,341.45,89.42201942,30533.148530959
1650031200,2022-04-15 14:00:00,BCH/USD,334.90,341.69,334.79,339.08,122.97925913,41699.8071858004
1650027600,2022-04-15 13:00:00,BCH/USD,335.00,336.02,333.50,334.85,113.54268231,38019.7671715035
1650024000,2022-04-15 12:00:00,BCH/USD,336.23,337.41,335.59,335.59,90.53341106,30382.1074176254
1650020400,2022-04-15 11:00:00,BCH/USD,336.43,336.91,335.25,335.80,112.91383099,37916.464446442
1650016800,2022-04-15 10:00:00,BCH/USD,335.99,337.14,334.71,336.30,336.60019367,113198.64513122101
1650013200,2022-04-15 09:00:00,BCH/USD,338.17,338.35,335.84,336.10,351.51035686,118142.630940646
1650009600,2022-04-15 08:00:00,BCH/USD,340.24,341.63,338.07,338.23,208.38686926,70482.6907898098
1650006000,2022-04-15 07:00:00,BCH/USD,339.23,341.05,336.27,340.24,218.82910985,74454.416335364
1650002400,2022-04-15 06:00:00,BCH/USD,343.29,343.29,338.19,339.05,76.66438686,25993.060364883
1649998800,2022-04-15 05:00:00,BCH/USD,342.13,343.84,342.02,343.84,75.48761433,25955.6613112272
1649995200,2022-04-15 04:00:00,BCH/USD,344.29,344.74,341.64,342.12,313.61905441,107295.3508947492
1649991600,2022-04-15 03:00:00,BCH/USD,339.74,344.73,339.61,344.22,207.07896520,71280.72140114401
1649988000,2022-04-15 02:00:00,BCH/USD,337.68,339.94,336.86,339.23,463.28966289,157161.7523421747
1649984400,2022-04-15 01:00:00,BCH/USD,335.99,337.02,335.89,336.67,48.66146363,16382.854960312101
1649980800,2022-04-15 00:00:00,BCH/USD,337.45,339.61,335.00,336.28,140.56068535,47267.747269497995
1649977200,2022-04-14 23:00:00,BCH/USD,336.88,338.76,336.88,337.94,52.30346857,17675.4341685458
1649973600,2022-04-14 22:00:00,BCH/USD,337.34,339.35,336.96,336.96,103.95978829,35030.2902621984
1649970000,2022-04-14 21:00:00,BCH/USD,336.79,338.05,336.35,336.99,169.27927418,57045.4226059182
1649966400,2022-04-14 20:00:00,BCH/USD,334.52,335.85,333.41,335.41,294.17811188,98670.28050567082
1649962800,2022-04-14 19:00:00,BCH/USD,333.40,335.20,333.01,334.96,100.36498969,33618.2569465624
1649959200,2022-04-14 18:00:00,BCH/USD,336.78,338.00,332.65,332.65,228.33525272,75955.72181730799
1649955600,2022-04-14 17:00:00,BCH/USD,334.93,337.33,333.77,337.04,178.34803650,60110.422221960005
1649952000,2022-04-14 16:00:00,BCH/USD,333.52,334.73,332.51,334.73,349.43932570,116967.825491561
1649948400,2022-04-14 15:00:00,BCH/USD,336.51,336.63,333.05,333.86,124.18459829,41460.2699850994
1649944800,2022-04-14 14:00:00,BCH/USD,335.27,336.66,333.33,336.65,8764.12452715,2950442.522065047
1649941200,2022-04-14 13:00:00,BCH/USD,338.90,340.17,334.94,335.14,422.46504920,141584.936588888
1649937600,2022-04-14 12:00:00,BCH/USD,337.59,339.60,336.87,338.68,239.45424725,81098.36445863
1649934000,2022-04-14 11:00:00,BCH/USD,339.50,339.56,337.16,337.77,254.06268127,85814.7518525679
1649930400,2022-04-14 10:00:00,BCH/USD,344.45,344.45,339.43,339.43,431.85065325,146583.0672326475
1649926800,2022-04-14 09:00:00,BCH/USD,342.54,345.08,341.23,344.55,197.81392059,68156.7863392845
1649923200,2022-04-14 08:00:00,BCH/USD,345.56,345.57,342.11,342.13,111.24351448,38059.7436090424
1649919600,2022-04-14 07:00:00,BCH/USD,342.40,346.38,342.40,346.15,132.54737905,45881.2752581575
1649916000,2022-04-14 06:00:00,BCH/USD,345.21,345.54,342.94,343.03,192.87570202,66162.1520639206
1649912400,2022-04-14 05:00:00,BCH/USD,346.62,347.65,343.78,344.41,188.54344804,64936.2489394564
1649908800,2022-04-14 04:00:00,BCH/USD,348.10,352.85,346.55,346.55,351.44364794,121792.796193607
1649905200,2022-04-14 03:00:00,BCH/USD,344.81,349.99,344.31,347.95,474.06970825,164952.5549855875
1649901600,2022-04-14 02:00:00,BCH/USD,344.70,346.39,344.70,345.45,117.23534211,40498.948931899504
1649898000,2022-04-14 01:00:00,BCH/USD,341.98,345.46,341.76,345.02,256.51889059,88504.1476313618
1649894400,2022-04-14 00:00:00,BCH/USD,341.28,343.48,341.22,341.60,176.35187927,60241.80195863201
1649890800,2022-04-13 23:00:00,BCH/USD,344.70,345.11,341.33,341.33,285.80659406,97554.3647504998
1649887200,2022-04-13 22:00:00,BCH/USD,344.60,346.51,342.72,344.78,680.03124701,234461.17334410778
1649883600,2022-04-13 21:00:00,BCH/USD,345.18,349.00,343.91,345.54,210.50562546,72738.11382144841
1649880000,2022-04-13 20:00:00,BCH/USD,342.64,346.29,341.40,344.64,435.52917095,150100.77347620798
1649876400,2022-04-13 19:00:00,BCH/USD,341.02,342.78,340.33,342.15,388.49491382,132923.534763513
1649872800,2022-04-13 18:00:00,BCH/USD,339.76,343.91,339.04,340.41,302.98913687,103140.5320819167
1649869200,2022-04-13 17:00:00,BCH/USD,337.23,343.43,335.70,340.33,466.52605333,158772.8117297989
1649865600,2022-04-13 16:00:00,BCH/USD,337.76,339.74,335.48,337.45,776.86546014,262153.249524243
1649862000,2022-04-13 15:00:00,BCH/USD,332.51,339.45,332.37,336.64,260.77889659,87788.60774805759
1649858400,2022-04-13 14:00:00,BCH/USD,333.74,334.06,330.03,333.21,165.94306988,55293.890314714794
1649854800,2022-04-13 13:00:00,BCH/USD,323.23,334.56,322.46,333.77,655.14765416,218668.6325289832
1649851200,2022-04-13 12:00:00,BCH/USD,320.70,326.89,320.70,323.74,648.72324351,210017.6628539274
1649847600,2022-04-13 11:00:00,BCH/USD,306.65,324.59,306.65,319.52,3258.46249236,1041143.9355588672
1649844000,2022-04-13 10:00:00,BCH/USD,307.88,308.16,305.60,306.20,139.41576071,42689.105929402
1649840400,2022-04-13 09:00:00,BCH/USD,307.75,308.30,306.77,308.01,229.16658067,70585.5985121667
1649836800,2022-04-13 08:00:00,BCH/USD,305.84,307.28,304.89,306.91,295.94624708,90828.8626913228
1649833200,2022-04-13 07:00:00,BCH/USD,304.18,306.20,303.83,305.78,79.82008130,24407.384459913996
1649829600,2022-04-13 06:00:00,BCH/USD,306.96,307.33,304.47,304.47,139.23552223,42393.0394533681
1649826000,2022-04-13 05:00:00,BCH/USD,305.73,306.60,305.14,306.55,114.75861700,35179.25404135
1649822400,2022-04-13 04:00:00,BCH/USD,304.15,305.14,303.00,305.14,82.21685088,25087.649877523196
1649818800,2022-04-13 03:00:00,BCH/USD,304.18,305.07,303.48,303.95,269.37655231,81877.0030746245
1649815200,2022-04-13 02:00:00,BCH/USD,303.55,304.65,303.55,304.19,73.26126777,22285.3450429563
1649811600,2022-04-13 01:00:00,BCH/USD,302.45,303.72,301.22,302.76,214.73425622,65012.943413167195
1649808000,2022-04-13 00:00:00,BCH/USD,305.72,306.31,302.69,302.69,173.59448270,52545.31396846299
1649804400,2022-04-12 23:00:00,BCH/USD,303.78,305.21,303.16,304.76,159.51619965,48614.157005334
1649800800,2022-04-12 22:00:00,BCH/USD,300.92,302.63,299.66,302.11,274.75071170,83004.937511687
1649797200,2022-04-12 21:00:00,BCH/USD,298.93,300.95,298.93,300.95,77.47812062,23317.040400588998
1649793600,2022-04-12 20:00:00,BCH/USD,298.88,299.28,298.69,298.69,153.11686608,45734.4767294352
1649790000,2022-04-12 19:00:00,BCH/USD,300.29,300.29,297.88,297.88,114.70143735,34167.264157818005
1649786400,2022-04-12 18:00:00,BCH/USD,302.42,302.42,299.55,299.69,32.36500048,9699.4669938512
1649782800,2022-04-12 17:00:00,BCH/USD,304.37,305.00,302.39,302.39,55.19175172,16689.433802610798
1649779200,2022-04-12 16:00:00,BCH/USD,304.58,305.19,303.26,304.02,73.11268903,22227.719718900596
1649775600,2022-04-12 15:00:00,BCH/USD,304.21,305.03,304.21,304.37,15.18839000,4622.8902643
1649772000,2022-04-12 14:00:00,BCH/USD,305.69,305.69,302.32,303.26,296.86940102,90028.6145533252
1649768400,2022-04-12 13:00:00,BCH/USD,306.93,307.29,305.57,306.39,206.33356495,63218.5409650305
1649764800,2022-04-12 12:00:00,BCH/USD,303.78,306.21,302.38,305.77,311.56459404,95267.10591961078
1649761200,2022-04-12 11:00:00,BCH/USD,300.85,304.23,300.73,304.03,345.73527408,105113.8953785424
1649757600,2022-04-12 10:00:00,BCH/USD,301.84,301.91,300.53,301.03,99.44029061,29934.5106823283
1649754000,2022-04-12 09:00:00,BCH/USD,303.01,303.02,301.22,301.65,192.67973830,58121.843058194994
1649750400,2022-04-12 08:00:00,BCH/USD,302.61,303.54,302.35,303.01,78.02902126,23643.573731992597
1649746800,2022-04-12 07:00:00,BCH/USD,301.73,303.03,301.10,302.43,129.10476873,39045.1552070139
1649743200,2022-04-12 06:00:00,BCH/USD,305.32,305.56,301.80,301.90,270.11536221,81547.82785119899
1649739600,2022-04-12 05:00:00,BCH/USD,302.89,304.85,302.55,304.85,76.47984784,23314.881614024
1649736000,2022-04-12 04:00:00,BCH/USD,299.99,302.71,299.97,302.71,78.54790938,23777.237648419796
1649732400,2022-04-12 03:00:00,BCH/USD,298.25,299.96,298.15,299.96,195.53666044,58653.176665582396
1649728800,2022-04-12 02:00:00,BCH/USD,297.94,298.49,295.70,298.14,216.28008217,64481.743698163795
1649725200,2022-04-12 01:00:00,BCH/USD,296.47,299.72,296.41,298.00,132.75900288,39562.18285824
1649721600,2022-04-12 00:00:00,BCH/USD,295.64,297.73,293.52,296.92,197.58796976,58667.819981139204
1649718000,2022-04-11 23:00:00,BCH/USD,295.67,296.48,294.30,294.64,90.17588939,26569.424049869598
1649714400,2022-04-11 22:00:00,BCH/USD,292.06,296.61,291.65,294.95,205.90149627,60730.646324836496
1649710800,2022-04-11 21:00:00,BCH/USD,296.23,297.00,290.42,291.91,219.27200113,64007.68984985831
1649707200,2022-04-11 20:00:00,BCH/USD,299.49,299.49,296.29,296.43,218.67190188,64820.9118742884
1649703600,2022-04-11 19:00:00,BCH/USD,303.86,303.86,298.88,300.73,96.24715599,28944.4072208727
1649700000,2022-04-11 18:00:00,BCH/USD,302.42,303.44,301.33,303.44,90.95970209,27600.8120021896
1649696400,2022-04-11 17:00:00,BCH/USD,303.46,303.78,300.37,302.91,344.92189444,104480.29104482042
1649692800,2022-04-11 16:00:00,BCH/USD,301.60,303.46,300.00,303.34,89.84489077,27253.5491661718
1649689200,2022-04-11 15:00:00,BCH/USD,302.77,304.18,301.86,302.05,89.36158296,26991.666133068004
1649685600,2022-04-11 14:00:00,BCH/USD,303.73,304.91,301.58,302.31,135.85048516,41068.960168719605
1649682000,2022-04-11 13:00:00,BCH/USD,303.89,303.90,300.79,303.90,95.34412558,28975.079763761998
1649678400,2022-04-11 12:00:00,BCH/USD,304.21,304.85,303.26,303.81,116.81378013,35489.1945412953
1649674800,2022-04-11 11:00:00,BCH/USD,307.30,307.30,303.82,304.28,143.64781824,43709.15813406719
1649671200,2022-04-11 10:00:00,BCH/USD,305.20,307.77,304.08,307.41,221.60489228,68123.55993579481
1649667600,2022-04-11 09:00:00,BCH/USD,314.64,314.64,305.49,305.64,430.51575834,131582.8363790376
1649664000,2022-04-11 08:00:00,BCH/USD,317.58,317.58,313.60,314.44,200.74689107,63122.8524280508
1649660400,2022-04-11 07:00:00,BCH/USD,316.40,317.58,316.11,317.25,209.60595312,66497.48862732001
1649656800,2022-04-11 06:00:00,BCH/USD,317.15,317.15,316.01,316.36,175.26024006,55445.3295453816
1649653200,2022-04-11 05:00:00,BCH/USD,317.34,317.92,316.38,317.20,125.32475505,39753.01230186
1649649600,2022-04-11 04:00:00,BCH/USD,314.91,316.45,314.91,316.45,96.55366791,30554.408210119498
1649646000,2022-04-11 03:00:00,BCH/USD,313.00,314.80,312.00,314.62,153.51633542,48299.309449840395
1649642400,2022-04-11 02:00:00,BCH/USD,318.42,321.02,314.00,314.16,1275.76921033,400795.65511727287
1649638800,2022-04-11 01:00:00,BCH/USD,319.52,320.74,318.65,318.65,246.18747879,78447.6401164335
1649635200,2022-04-11 00:00:00,BCH/USD,319.83,320.45,317.18,319.60,231.09262672,73857.203499712
1649631600,2022-04-10 23:00:00,BCH/USD,322.14,322.14,318.64,319.98,180.43888438,57736.8342239124
1649628000,2022-04-10 22:00:00,BCH/USD,326.57,326.90,321.44,322.45,389.47796974,125587.17134266299
1649624400,2022-04-10 21:00:00,BCH/USD,329.87,329.87,326.74,326.74,239.45636966,78239.9742227084
1649620800,2022-04-10 20:00:00,BCH/USD,331.72,331.79,330.18,330.26,105.65442653,34893.430905797795
1649617200,2022-04-10 19:00:00,BCH/USD,330.96,331.73,330.96,331.73,5.13566096,1703.6528102608002
1649613600,2022-04-10 18:00:00,BCH/USD,332.11,332.40,331.93,331.93,20.00956055,6641.7734333615
1649610000,2022-04-10 17:00:00,BCH/USD,330.13,332.69,329.85,331.65,172.55082275,57226.480365037496
1649606400,2022-04-10 16:00:00,BCH/USD,327.55,330.02,327.37,330.02,44.97716097,14843.3626633194
1649602800,2022-04-10 15:00:00,BCH/USD,328.15,328.72,326.88,326.88,104.60427907,34193.0467424016
1649599200,2022-04-10 14:00:00,BCH/USD,326.44,327.94,326.28,327.94,239.12648602,78419.1398253988
1649595600,2022-04-10 13:00:00,BCH/USD,325.42,326.63,325.29,326.63,99.04724953,32351.8031139839
1649592000,2022-04-10 12:00:00,BCH/USD,325.11,326.45,324.06,325.14,280.35107044,91153.3470428616
1649588400,2022-04-10 11:00:00,BCH/USD,324.39,325.47,324.05,325.12,186.35942744,60589.1770492928
1649584800,2022-04-10 10:00:00,BCH/USD,323.32,324.05,323.32,323.81,40.08644937,12980.3931704997
1649581200,2022-04-10 09:00:00,BCH/USD,324.45,324.45,323.10,323.10,93.05291733,30065.397589323
1649577600,2022-04-10 08:00:00,BCH/USD,325.29,326.76,323.21,324.71,248.64965793,80739.03042645029
1649574000,2022-04-10 07:00:00,BCH/USD,326.34,327.36,324.79,325.62,124.94946411,40686.0445034982
1649570400,2022-04-10 06:00:00,BCH/USD,325.33,326.16,324.76,326.16,75.84394922,24737.262477595203
1649566800,2022-04-10 05:00:00,BCH/USD,326.93,327.64,325.81,325.87,175.34309130,57139.053161931
1649563200,2022-04-10 04:00:00,BCH/USD,325.96,327.19,325.91,326.78,97.43824417,31840.8694298726
1649559600,2022-04-10 03:00:00,BCH/USD,327.20,327.29,327.10,327.10,14.80200000,4841.7342
1649556000,2022-04-10 02:00:00,BCH/USD,326.11,327.96,325.82,327.06,59.84925905,19574.298664893002
1649552400,2022-04-10 01:00:00,BCH/USD,325.16,326.43,325.16,325.98,79.68858466,25976.8848274668
1649548800,2022-04-10 00:00:00,BCH/USD,325.44,325.85,325.08,325.18,11.48060718,3733.2638427924
1649545200,2022-04-09 23:00:00,BCH/USD,326.31,326.31,324.41,325.86,144.12518056,46964.6313372816
1649541600,2022-04-09 22:00:00,BCH/USD,326.09,326.86,326.08,326.56,81.74558446,26694.8380612576
1649538000,2022-04-09 21:00:00,BCH/USD,324.57,326.54,324.48,326.54,206.06655993,67288.9744795422
1649534400,2022-04-09 20:00:00,BCH/USD,326.63,327.42,324.32,324.59,137.04436303,44483.2297959077
1649530800,2022-04-09 19:00:00,BCH/USD,325.82,327.17,325.60,327.17,85.00823881,27812.145491467698
1649527200,2022-04-09 18:00:00,BCH/USD,326.39,326.39,325.09,325.64,47.53058875,15477.86092055
1649523600,2022-04-09 17:00:00,BCH/USD,324.08,326.23,324.08,325.99,40.93725612,13345.1361225588
1649520000,2022-04-09 16:00:00,BCH/USD,323.60,325.87,323.60,324.38,73.96792893,23993.7167863134
1649516400,2022-04-09 15:00:00,BCH/USD,325.49,325.83,323.09,323.09,98.35794399,31778.468123729097
1649512800,2022-04-09 14:00:00,BCH/USD,324.50,324.93,322.79,324.88,118.05152320,38352.578857216
1649509200,2022-04-09 13:00:00,BCH/USD,326.87,326.87,324.93,324.94,80.52378070,26165.397300658
1649505600,2022-04-09 12:00:00,BCH/USD,325.37,326.92,325.16,326.68,97.81859102,31955.3773144136
1649502000,2022-04-09 11:00:00,BCH/USD,324.90,326.36,324.76,325.92,134.43991011,43816.6555030512
1649498400,2022-04-09 10:00:00,BCH/USD,324.41,324.92,322.71,324.09,100.50246620,32571.844270757996
1649494800,2022-04-09 09:00:00,BCH/USD,324.15,324.39,323.75,324.06,18.68304000,6054.425942399999
1649491200,2022-04-09 08:00:00,BCH/USD,324.44,324.54,323.23,324.54,51.17209405,16607.391402987
1649487600,2022-04-09 07:00:00,BCH/USD,324.05,324.73,323.33,324.58,69.73170000,22633.515186
1649484000,2022-04-09 06:00:00,BCH/USD,325.12,325.38,323.33,323.46,126.45805005,40904.120869173
1649480400,2022-04-09 05:00:00,BCH/USD,323.01,325.54,323.01,325.11,180.35286593,58634.5202425023
1649476800,2022-04-09 04:00:00,BCH/USD,323.85,325.66,322.90,322.95,164.67231692,53180.92474931399
1649473200,2022-04-09 03:00:00,BCH/USD,322.90,324.71,321.85,323.69,79.01885308,25577.6125534652
1649469600,2022-04-09 02:00:00,BCH/USD,326.75,326.75,323.05,323.05,146.96039035,47475.554102567505
1649466000,2022-04-09 01:00:00,BCH/USD,325.62,326.54,323.95,326.41,114.51495991,37378.828064223104
1649462400,2022-04-09 00:00:00,BCH/USD,323.55,325.79,321.72,325.79,338.04381261,110131.2937102119
1649458800,2022-04-08 23:00:00,BCH/USD,323.38,323.69,320.99,323.21,136.06347687,43977.07635915269
1649455200,2022-04-08 22:00:00,BCH/USD,326.82,326.82,324.00,324.75,64.03522689,20795.4399325275
1649451600,2022-04-08 21:00:00,BCH/USD,328.88,329.47,326.76,326.76,63.60971146,20785.1093166696
1649448000,2022-04-08 20:00:00,BCH/USD,328.41,329.34,328.41,328.88,38.13726506,12542.583732932799
1649444400,2022-04-08 19:00:00,BCH/USD,329.38,332.24,328.12,328.65,313.13130748,102910.60420330199
1649440800,2022-04-08 18:00:00,BCH/USD,333.04,333.04,326.53,329.98,316.27819807,104365.4797991386
1649437200,2022-04-08 17:00:00,BCH/USD,334.02,334.18,332.16,332.50,217.70397686,72386.57230595
1649433600,2022-04-08 16:00:00,BCH/USD,335.43,336.07,334.34,334.66,221.30600510,74062.267666766
1649430000,2022-04-08 15:00:00,BCH/USD,337.06,338.63,335.41,335.41,289.24448715,97015.4934349815
1649426400,2022-04-08 14:00:00,BCH/USD,328.83,336.63,328.82,336.55,314.75354387,105930.3051894485
1649422800,2022-04-08 13:00:00,BCH/USD,329.42,329.52,327.02,328.48,162.57847038,53403.7759504224
1649419200,2022-04-08 12:00:00,BCH/USD,330.35,330.81,328.64,329.21,69.85509035,22996.9942941235
1649415600,2022-04-08 11:00:00,BCH/USD,332.56,332.56,329.65,330.01,223.03374735,73603.3669629735
1649412000,2022-04-08 10:00:00,BCH/USD,334.12,334.12,332.66,332.90,94.01938906,31299.054618073995
1649408400,2022-04-08 09:00:00,BCH/USD,335.77,335.81,333.86,333.86,230.74200000,77035.52412
1649404800,2022-04-08 08:00:00,BCH/USD,337.36,337.36,335.20,336.59,126.00239193,42411.1450997187
1649401200,2022-04-08 07:00:00,BCH/USD,336.83,338.05,334.71,336.87,127.50115871,42951.3153346377
1649397600,2022-04-08 06:00:00,BCH/USD,336.75,337.81,335.22,336.91,162.19403959,54644.7938782669
1649394000,2022-04-08 05:00:00,BCH/USD,336.46,337.30,336.44,337.02,123.98512000,41785.4651424
1649390400,2022-04-08 04:00:00,BCH/USD,336.91,336.91,336.46,336.67,35.87642506,12078.5160249502
1649386800,2022-04-08 03:00:00,BCH/USD,336.57,337.33,335.55,337.32,33.15032545,11182.267780793998
1649383200,2022-04-08 02:00:00,BCH/USD,336.38,337.73,336.38,336.82,17.99643156,6061.5580780392
1649379600,2022-04-08 01:00:00,BCH/USD,335.35,336.76,335.35,336.07,16.98030406,5706.570785444201
1649376000,2022-04-08 00:00:00,BCH/USD,336.11,337.42,334.95,334.95,217.73320260,72929.73621087
1649372400,2022-04-07 23:00:00,BCH/USD,337.35,339.01,336.07,336.07,223.51176337,75115.59831575591
1649368800,2022-04-07 22:00:00,BCH/USD,335.47,337.07,335.47,337.03,138.88882047,46809.6991630041
1649365200,2022-04-07 21:00:00,BCH/USD,336.17,336.17,334.19,335.56,131.01983922,43965.0172486632
1649361600,2022-04-07 20:00:00,BCH/USD,335.56,336.15,334.56,335.79,99.86036982,33532.113581857804
1649358000,2022-04-07 19:00:00,BCH/USD,337.19,337.47,335.44,335.56,108.56296791,36429.3895118796
1649354400,2022-04-07 18:00:00,BCH/USD,336.18,337.81,335.65,336.73,197.70785615,66574.1664013895
1649350800,2022-04-07 17:00:00,BCH/USD,335.62,336.99,334.57,336.54,60.00346056,20193.5646168624
1649347200,2022-04-07 16:00:00,BCH/USD,333.49,336.23,333.39,335.38,226.06599539,75818.0135338982
1649343600,2022-04-07 15:00:00,BCH/USD,331.65,334.10,329.99,333.91,235.71919732,78708.99717712121
1649340000,2022-04-07 14:00:00,BCH/USD,336.93,336.94,330.97,331.36,129.43137615,42888.380801064006
1649336400,2022-04-07 13:00:00,BCH/USD,334.92,336.13,333.09,336.04,38.37508010,12895.561916804
1649332800,2022-04-07 12:00:00,BCH/USD,338.42,339.34,335.98,336.28,105.95881143,35631.829107680394
1649329200,2022-04-07 11:00:00,BCH/USD,336.50,339.78,336.50,338.58,42.69645674,14456.1663230292
1649325600,2022-04-07 10:00:00,BCH/USD,335.09,336.99,334.73,336.65,181.86390838,61224.48475612699
1649322000,2022-04-07 09:00:00,BCH/USD,335.76,335.86,333.16,335.03,259.13200556,86816.99582276678
1649318400,2022-04-07 08:00:00,BCH/USD,335.32,335.96,334.85,335.84,55.12759702,18514.0521831968
1649314800,2022-04-07 07:00:00,BCH/USD,334.37,336.80,334.30,334.86,260.50401619,87232.3748613834
1649311200,2022-04-07 06:00:00,BCH/USD,334.13,334.97,332.35,334.01,129.11009415,43124.0625470415
1649307600,2022-04-07 05:00:00,BCH/USD,334.90,334.90,331.84,333.48,109.33786157,36461.9900763636
1649304000,2022-04-07 04:00:00,BCH/USD,333.75,335.57,332.42,334.86,105.87117491,35452.0216303626
1649300400,2022-04-07 03:00:00,BCH/USD,333.61,334.37,331.63,333.48,73.67881495,24570.411209526002
1649296800,2022-04-07 02:00:00,BCH/USD,332.04,333.75,329.56,333.46,148.82027667,49625.609458378196
1649293200,2022-04-07 01:00:00,BCH/USD,328.55,332.16,328.04,332.16,141.59299015,47031.527608224
1649289600,2022-04-07 00:00:00,BCH/USD,330.87,335.30,326.13,327.38,144.90606141,47439.3463844058
1649286000,2022-04-06 23:00:00,BCH/USD,334.56,335.58,329.58,330.01,199.19266738,65735.57216207379
1649282400,2022-04-06 22:00:00,BCH/USD,338.84,339.58,334.29,334.29,83.93019100,28057.02354939
1649278800,2022-04-06 21:00:00,BCH/USD,339.54,340.92,339.11,340.17,151.02820071,51375.2630355207
1649275200,2022-04-06 20:00:00,BCH/USD,340.04,340.99,337.58,339.78,389.03327534,132185.72629502518
1649271600,2022-04-06 19:00:00,BCH/USD,343.91,343.96,339.85,339.85,393.74060649,133812.74511562652
1649268000,2022-04-06 18:00:00,BCH/USD,345.65,348.32,340.24,342.62,462.75928770,158550.587151774
1649264400,2022-04-06 17:00:00,BCH/USD,341.84,346.96,339.82,346.14,237.87705463,82338.76368962819
1649260800,2022-04-06 16:00:00,BCH/USD,343.58,344.85,340.64,344.07,310.05615944,106681.0227785208
1649257200,2022-04-06 15:00:00,BCH/USD,343.64,344.99,339.92,343.38,444.29969432,152563.6290356016
1649253600,2022-04-06 14:00:00,BCH/USD,345.16,346.61,341.64,345.51,148.02687389,51144.7651977339
1649250000,2022-04-06 13:00:00,BCH/USD,352.75,352.75,344.62,345.39,110.94833907,38320.4468313873
1649246400,2022-04-06 12:00:00,BCH/USD,350.84,354.16,350.55,350.76,180.85524290,63436.784999604
1649242800,2022-04-06 11:00:00,BCH/USD,355.36,355.36,351.64,351.84,232.28014568,81725.4464560512
1649239200,2022-04-06 10:00:00,BCH/USD,359.86,360.77,355.72,355.72,102.33926111,36404.121962049205
1649235600,2022-04-06 09:00:00,BCH/USD,359.42,359.50,357.60,358.22,201.07938477,72030.65721230941
1649232000,2022-04-06 08:00:00,BCH/USD,357.15,360.08,356.27,360.08,83.06729453,29910.8714143624
1649228400,2022-04-06 07:00:00,BCH/USD,359.10,359.94,357.18,357.53,295.19229707,105540.10197143709
1649224800,2022-04-06 06:00:00,BCH/USD,359.16,359.17,357.65,358.63,94.27371589,33809.3827296307
1649221200,2022-04-06 05:00:00,BCH/USD,358.39,360.01,358.36,359.47,82.96032951,29821.7496489597
1649217600,2022-04-06 04:00:00,BCH/USD,356.23,358.89,355.00,358.49,131.95654494,47305.1017955406
1649214000,2022-04-06 03:00:00,BCH/USD,356.70,356.88,355.54,356.32,89.64285582,31941.5423857824
1649210400,2022-04-06 02:00:00,BCH/USD,357.79,358.49,356.55,356.78,123.94463796,44220.967931368796
1649206800,2022-04-06 01:00:00,BCH/USD,357.00,359.62,356.99,357.86,82.07961005,29373.009252493
1649203200,2022-04-06 00:00:00,BCH/USD,365.00,367.76,347.79,358.39,446.92678571,160174.0907306069
1649199600,2022-04-05 23:00:00,BCH/USD,368.97,369.20,365.73,365.84,91.58846398,33506.7236624432
1649196000,2022-04-05 22:00:00,BCH/USD,368.52,370.00,368.22,368.62,52.33575863,19292.0073461906
1649192400,2022-04-05 21:00:00,BCH/USD,368.17,369.12,366.91,369.12,61.25357781,22609.9206412272
1649188800,2022-04-05 20:00:00,BCH/USD,370.13,371.16,366.86,367.72,153.30222999,56372.2960119228
1649185200,2022-04-05 19:00:00,BCH/USD,369.33,371.49,368.05,370.07,137.16295720,50759.895571003995
1649181600,2022-04-05 18:00:00,BCH/USD,371.75,372.23,371.41,371.56,867.82489739,322449.0188742284
1649178000,2022-04-05 17:00:00,BCH/USD,372.32,373.80,370.91,371.08,178.39861358,66200.15752726639
1649174400,2022-04-05 16:00:00,BCH/USD,369.26,371.94,369.16,371.94,95.89628039,35667.6625282566
1649170800,2022-04-05 15:00:00,BCH/USD,371.91,374.78,370.24,370.80,162.97682530,60431.80682124
1649167200,2022-04-05 14:00:00,BCH/USD,372.22,372.47,369.06,371.91,294.97087099,109702.6166298909
1649163600,2022-04-05 13:00:00,BCH/USD,378.40,378.42,372.39,372.41,219.57042763,81770.22295368831
1649160000,2022-04-05 12:00:00,BCH/USD,378.29,382.06,377.45,377.74,298.22699062,112652.26343679879
1649156400,2022-04-05 11:00:00,BCH/USD,377.90,378.53,377.60,378.13,34.51988676,13053.0047805588
1649152800,2022-04-05 10:00:00,BCH/USD,375.95,378.12,375.73,377.82,195.80347999,73978.4708098218
1649149200,2022-04-05 09:00:00,BCH/USD,377.22,378.83,376.27,376.28,91.41765478,34398.6351406184
1649145600,2022-04-05 08:00:00,BCH/USD,379.88,380.20,376.98,377.04,156.93090308,59169.227697283204
1649142000,2022-04-05 07:00:00,BCH/USD,374.20,379.56,374.20,379.56,142.63822175,54139.76344743001
1649138400,2022-04-05 06:00:00,BCH/USD,377.15,377.31,374.25,374.25,59.81835180,22387.01816115
1649134800,2022-04-05 05:00:00,BCH/USD,377.90,378.18,376.54,376.63,68.19392165,25683.8767110395
1649131200,2022-04-05 04:00:00,BCH/USD,377.36,377.52,376.77,377.42,20.76174132,7835.8964089944
1649127600,2022-04-05 03:00:00,BCH/USD,376.26,376.26,375.14,376.12,35.89607555,13501.231935866
1649124000,2022-04-05 02:00:00,BCH/USD,375.58,375.76,375.13,375.13,62.03046175,23269.4871162775
1649120400,2022-04-05 01:00:00,BCH/USD,372.55,375.57,372.55,375.57,147.96935047,55572.8489560179
1649116800,2022-04-05 00:00:00,BCH/USD,375.62,375.78,372.78,373.11,112.35244623,41919.8212128753
1649113200,2022-04-04 23:00:00,BCH/USD,375.42,376.89,374.90,375.92,513.13335527,192897.09091309842
1649109600,2022-04-04 22:00:00,BCH/USD,373.57,375.88,371.94,374.87,125.67792213,47112.8826688731
1649106000,2022-04-04 21:00:00,BCH/USD,372.45,373.90,371.17,373.90,162.84023171,60885.962636369004
1649102400,2022-04-04 20:00:00,BCH/USD,368.73,372.42,368.73,371.24,52.93096645,19650.091984898
1649098800,2022-04-04 19:00:00,BCH/USD,369.96,370.63,369.17,370.46,38.96882498,14436.3909020908
1649095200,2022-04-04 18:00:00,BCH/USD,366.07,368.93,362.77,368.93,109.49275278,40395.1612831254
1649091600,2022-04-04 17:00:00,BCH/USD,372.12,372.12,364.51,366.77,132.43172690,48571.984475113
1649088000,2022-04-04 16:00:00,BCH/USD,371.90,373.46,370.74,372.11,131.69419806,49004.7280401066
1649084400,2022-04-04 15:00:00,BCH/USD,374.30,374.47,371.81,371.88,119.02986913,44264.8277320644
1649080800,2022-04-04 14:00:00,BCH/USD,377.81,378.69,376.22,377.09,117.62370551,44354.723110765895
1649077200,2022-04-04 13:00:00,BCH/USD,374.61,378.18,374.10,377.87,125.95285828,47593.806558263605
1649073600,2022-04-04 12:00:00,BCH/USD,375.94,376.70,372.88,372.95,140.18613694,52282.419771773006
1649070000,2022-04-04 11:00:00,BCH/USD,372.31,374.77,372.04,374.77,64.25870769,24082.235880981298
1649066400,2022-04-04 10:00:00,BCH/USD,373.62,373.62,369.77,371.66,240.94795273,89550.7161116318
1649062800,2022-04-04 09:00:00,BCH/USD,374.20,374.93,373.79,374.37,27.15256736,10165.1066425632
1649059200,2022-04-04 08:00:00,BCH/USD,377.33,377.33,374.46,375.21,92.93236284,34869.1518611964
1649055600,2022-04-04 07:00:00,BCH/USD,377.94,377.94,376.47,377.33,167.41630051,63171.1926714383
1649052000,2022-04-04 06:00:00,BCH/USD,376.05,377.79,375.90,377.79,78.56576187,29681.359176867303
1649048400,2022-04-04 05:00:00,BCH/USD,374.26,376.36,373.53,376.36,208.78226525,78577.29334949
1649044800,2022-04-04 04:00:00,BCH/USD,375.81,375.81,374.32,374.32,87.71204698,32832.3734255536
1649041200,2022-04-04 03:00:00,BCH/USD,378.08,379.43,376.71,376.71,270.42088841,101870.25287293109
1649037600,2022-04-04 02:00:00,BCH/USD,373.61,377.99,372.42,377.99,372.52239651,140809.74065681492
1649034000,2022-04-04 01:00:00,BCH/USD,373.42,374.66,372.73,374.56,107.92485801,40424.3348162256
1649030400,2022-04-04 00:00:00,BCH/USD,377.66,377.66,372.88,374.12,195.10738246,72993.5739259352
1649026800,2022-04-03 23:00:00,BCH/USD,377.78,379.97,377.06,378.84,129.50217133,49060.6025866572
1649023200,2022-04-03 22:00:00,BCH/USD,377.28,381.32,376.79,378.22,586.07322713,221664.6159651086
1649019600,2022-04-03 21:00:00,BCH/USD,374.81,377.43,374.81,377.43,295.29536823,111453.33083104891
1649016000,2022-04-03 20:00:00,BCH/USD,374.43,375.28,374.27,374.84,166.02811861,62233.9799797724
1649012400,2022-04-03 19:00:00,BCH/USD,374.57,375.60,373.87,374.89,349.19058561,130908.0586393329
1649008800,2022-04-03 18:00:00,BCH/USD,374.58,375.65,374.13,374.66,133.27844229,49934.1011883714
1649005200,2022-04-03 17:00:00,BCH/USD,375.86,375.86,374.29,374.61,171.69723242,64319.500236856205
1649001600,2022-04-03 16:00:00,BCH/USD,376.64,376.71,374.89,376.41,120.99057537,45542.0624750217
1648998000,2022-04-03 15:00:00,BCH/USD,377.36,377.43,376.17,376.28,64.98821362,24453.765020933595
1648994400,2022-04-03 14:00:00,BCH/USD,376.89,377.11,375.25,376.45,128.16118290,48246.277302705
1648990800,2022-04-03 13:00:00,BCH/USD,376.68,377.73,375.70,377.28,226.96102083,85627.8539387424
1648987200,2022-04-03 12:00:00,BCH/USD,375.09,376.85,374.48,376.85,129.72084527,48885.30053999951
1648983600,2022-04-03 11:00:00,BCH/USD,375.43,376.53,374.42,376.42,229.32174306,86321.2905226452
1648980000,2022-04-03 10:00:00,BCH/USD,375.64,375.78,374.78,375.09,99.75745055,37418.0221267995
1648976400,2022-04-03 09:00:00,BCH/USD,374.15,375.81,373.84,375.29,104.29168495,39139.62644488551
1648972800,2022-04-03 08:00:00,BCH/USD,377.58,377.59,375.52,375.52,50.92087120,19121.805553023998
1648969200,2022-04-03 07:00:00,BCH/USD,378.60,378.61,377.19,377.58,191.68425588,72376.1413351704
1648965600,2022-04-03 06:00:00,BCH/USD,377.90,378.84,377.04,378.24,226.02946371,85493.3843536704
1648962000,2022-04-03 05:00:00,BCH/USD,378.31,378.74,377.94,378.05,177.96805203,67280.8220699415
1648958400,2022-04-03 04:00:00,BCH/USD,376.74,377.87,376.13,377.87,99.08990617,37443.102844457906
1648954800,2022-04-03 03:00:00,BCH/USD,371.28,375.82,371.28,375.82,166.63223192,62623.7254001744
1648951200,2022-04-03 02:00:00,BCH/USD,372.40,373.40,370.05,371.75,514.67624735,191330.89495236252
1648947600,2022-04-03 01:00:00,BCH/USD,373.12,373.15,368.56,372.19,121.18343952,45103.2643549488
1648944000,2022-04-03 00:00:00,BCH/USD,372.54,374.34,372.54,373.93,39.79762807,14881.5270642151
1648940400,2022-04-02 23:00:00,BCH/USD,375.51,376.50,372.24,372.25,102.53480217,38168.5801077825
1648936800,2022-04-02 22:00:00,BCH/USD,376.15,376.65,374.87,375.16,62.33207079,23384.4996775764
1648933200,2022-04-02 21:00:00,BCH/USD,375.79,376.10,374.59,376.08,236.03666716,88768.6697855328
1648929600,2022-04-02 20:00:00,BCH/USD,375.84,376.36,375.52,376.21,112.89022873,42470.4329505133
1648926000,2022-04-02 19:00:00,BCH/USD,374.22,376.94,374.22,375.00,107.71558354,40393.3438275
1648922400,2022-04-02 18:00:00,BCH/USD,376.81,376.81,370.00,373.67,364.11239655,136057.87921883853
1648918800,2022-04-02 17:00:00,BCH/USD,377.16,377.93,377.16,377.63,10.59500000,4000.9898500000004
1648915200,2022-04-02 16:00:00,BCH/USD,374.54,377.61,374.54,376.99,51.21984356,19309.3688236844
1648911600,2022-04-02 15:00:00,BCH/USD,376.66,378.57,372.99,375.06,87.53494061,32830.8548251866
1648908000,2022-04-02 14:00:00,BCH/USD,379.05,379.05,376.66,377.73,57.52557855,21729.136785691502
1648904400,2022-04-02 13:00:00,BCH/USD,379.71,380.87,378.58,379.05,103.32209291,39164.2393175355
1648900800,2022-04-02 12:00:00,BCH/USD,377.87,380.69,373.68,379.10,144.17102784,54655.236654144
1648897200,2022-04-02 11:00:00,BCH/USD,380.21,380.46,378.37,378.37,103.37024266,39112.1987152642
1648893600,2022-04-02 10:00:00,BCH/USD,381.09,381.09,379.70,380.01,43.33784978,16468.8162948978
1648890000,2022-04-02 09:00:00,BCH/USD,380.04,381.65,379.17,381.11,31.49902197,12004.5922629867
1648886400,2022-04-02 08:00:00,BCH/USD,379.16,379.92,379.16,379.92,51.44274130,19544.126274696002
1648882800,2022-04-02 07:00:00,BCH/USD,380.43,380.89,378.81,379.60,54.54857070,20706.63743772
1648879200,2022-04-02 06:00:00,BCH/USD,377.80,379.57,377.45,379.57,51.66052426,19608.7851933682
1648875600,2022-04-02 05:00:00,BCH/USD,377.95,377.98,376.51,377.02,189.20154568,71332.7667522736
1648872000,2022-04-02 04:00:00,BCH/USD,377.82,378.60,377.76,378.37,26.00927251,9841.1284396087
1648868400,2022-04-02 03:00:00,BCH/USD,377.29,377.84,376.57,377.36,102.34268394,38620.0352115984
1648864800,2022-04-02 02:00:00,BCH/USD,380.07,380.07,377.01,377.51,258.61070448,97628.12704824479
1648861200,2022-04-02 01:00:00,BCH/USD,381.75,382.99,377.95,380.13,219.98591077,83623.2442610001
1648857600,2022-04-02 00:00:00,BCH/USD,377.13,381.45,375.99,380.38,342.59338863,130315.6731670794
1648854000,2022-04-01 23:00:00,BCH/USD,377.34,377.34,375.49,376.84,88.89821136,33500.4019689024
1648850400,2022-04-01 22:00:00,BCH/USD,379.73,380.06,377.45,379.13,86.24952874,32699.7838311962
1648846800,2022-04-01 21:00:00,BCH/USD,379.22,380.45,378.96,379.64,114.06894195,43305.133121898
1648843200,2022-04-01 20:00:00,BCH/USD,382.02,382.02,378.83,379.20,145.33348831,55110.458767152
1648839600,2022-04-01 19:00:00,BCH/USD,381.57,382.77,380.49,382.75,75.21844394,28789.859418035
1648836000,2022-04-01 18:00:00,BCH/USD,381.46,381.77,379.52,381.24,66.35302234,25296.4262369016
1648832400,2022-04-01 17:00:00,BCH/USD,378.74,382.18,378.74,381.09,87.65246301,33403.4771284809
1648828800,2022-04-01 16:00:00,BCH/USD,380.23,382.10,377.76,377.79,245.96200369,92921.9853740451
1648825200,2022-04-01 15:00:00,BCH/USD,380.02,382.60,379.04,379.59,449.11284204,170478.74370996357
1648821600,2022-04-01 14:00:00,BCH/USD,372.23,379.59,372.12,379.59,149.10279704,56597.9307284136
1648818000,2022-04-01 13:00:00,BCH/USD,371.29,374.24,370.36,371.97,254.83450033,94790.7890877501
1648814400,2022-04-01 12:00:00,BCH/USD,368.58,371.89,365.06,369.87,343.31510600,126981.95825622001
1648810800,2022-04-01 11:00:00,BCH/USD,372.02,372.26,369.22,369.22,179.08324825,66121.11691886501
1648807200,2022-04-01 10:00:00,BCH/USD,369.33,373.55,368.26,373.46,155.74480983,58164.4566791118
1648803600,2022-04-01 09:00:00,BCH/USD,369.06,371.65,368.57,368.90,146.40763776,54009.777569663995
1648800000,2022-04-01 08:00:00,BCH/USD,372.07,372.20,370.46,371.02,120.42892408,44681.5394121616
1648796400,2022-04-01 07:00:00,BCH/USD,371.04,372.16,369.40,371.27,129.30005850,48005.232719295
1648792800,2022-04-01 06:00:00,BCH/USD,367.07,370.53,366.52,370.20,317.33653059,117477.98362441799
1648789200,2022-04-01 05:00:00,BCH/USD,370.04,370.28,366.66,366.98,443.46075316,162741.22719465682
1648785600,2022-04-01 04:00:00,BCH/USD,371.39,371.54,369.92,370.15,209.60204050,77584.195291075
1648782000,2022-04-01 03:00:00,BCH/USD,365.66,371.17,364.10,371.17,263.04627018,97634.88410271061
1648778400,2022-04-01 02:00:00,BCH/USD,379.01,379.01,363.93,365.94,898.19879486,328686.8669910684
1648774800,2022-04-01 01:00:00,BCH/USD,385.98,387.22,378.83,379.27,263.15534409,99806.92735301431
1648771200,2022-04-01 00:00:00,BCH/USD,385.69,389.41,385.58,386.59,148.77298002,57514.1463459318